ds,y,covar_linear,covar_dow,covar_noise
2018-01-01,50.609434159508865,0.0005884715116994545,0.0,0.4184990745503845
2018-01-02,48.09533995225196,0.021210539029830822,1.0,-0.1340272208093656
2018-01-03,51.85146771418958,-0.04301390615101879,2.0,-0.6082397293372869
2018-01-04,52.40684991453878,0.008819293500793503,3.0,-0.7764744081483639
2018-01-05,46.79865230341394,0.026332122645435403,4.0,2.671763379756685
2018-01-06,48.27116198952285,0.00011408565047891237,5.0,-0.2634772501790354
2018-01-07,51.30574539985654,0.014813573730052626,6.0,-1.4569854207812678
2018-01-08,50.59181748652859,-0.0096169371735116,0.0,-0.6982214597325725
2018-01-09,51.36458223152089,0.002692041093827543,1.0,-0.051567839476213594
2018-01-10,49.865571780067086,-0.026703984651877316,2.0,0.546667032616485
2018-01-11,53.503473423286465,-0.04053765981917113,3.0,0.5547965217253135
2018-01-12,53.472771604210976,0.02583944300863249,4.0,0.6766145517765254
2018-01-13,52.22120163190387,-0.012080850935441218,5.0,-0.6448603066373296
2018-01-14,54.514967385247566,-0.0008565886461003574,6.0,0.34044044350154545
2018-01-15,53.36619078900804,-0.018839956176514974,0.0,-0.8760594641105784
2018-01-16,50.88256707301444,-0.018675584537867992,1.0,-0.6196429830140117
2018-01-17,53.507876794299705,0.006681976156837832,2.0,-0.9177089745002595
2018-01-18,51.02102738111635,-0.0037978930890621362,3.0,-1.1883888545982695
2018-01-19,54.86325570632029,0.018987991388465398,4.0,1.0642094888580087
2018-01-20,53.1731622552686,0.021114260443083902,5.0,0.6886117009788877
2018-01-21,53.06899633234268,0.01911540562490484,6.0,0.9766653699781299
2018-01-22,52.241568799622506,0.018105349151902206,0.0,0.03931306602429631
2018-01-23,56.212169376096064,0.045523618066891695,1.0,0.7768076988651466
2018-01-24,53.62059097131434,-0.006748700777723115,2.0,-1.761289404642545
2018-01-25,53.23441472392399,0.014139397914036882,3.0,0.8630875180453551
2018-01-26,53.547034004511794,0.03852681228340765,4.0,0.1771198300050302
2018-01-27,55.47491397915069,0.041798732694697235,5.0,0.6271096001491656
2018-01-28,55.29889583184655,-0.011292415844034315,6.0,0.38002329904861315
2018-01-29,55.54985682110937,0.011530668944660379,0.0,-0.9870551545368866
2018-01-30,55.74104389923714,0.04557512033004362,1.0,-1.4980397753910466
2018-01-31,59.31628879857879,0.029209201151600354,2.0,-0.7120541661829632
2018-02-01,54.37229210416451,0.02358780031213514,3.0,0.5649172812729122
2018-02-02,54.31125791709973,0.01596376644876718,4.0,0.6900914151753954
2018-02-03,53.85726816364915,0.013276362438226042,5.0,-1.3679422773818628
2018-02-04,56.8642484847637,0.02735168284910807,6.0,-0.9810993674682146
2018-02-05,58.036073259464075,0.017174739722532556,0.0,-0.7232356859408393
2018-02-06,55.694393533513974,0.022005570436253973,1.0,-0.3573050602668157
2018-02-07,54.3844142331429,0.025064037614364237,2.0,-1.3620508308526522
2018-02-08,54.5564411904037,0.010565553557114145,3.0,-1.4220517661401326
2018-02-09,57.6454625838676,0.03540449223953353,4.0,-0.8218352964075539
2018-02-10,57.967815478292785,0.0836817183651338,5.0,0.08625383622500567
2018-02-11,57.702762877118936,-0.009507986754775474,6.0,-1.1805943397534906
2018-02-12,55.41866010117872,0.03314691715046626,0.0,-0.11580350997176611
2018-02-13,57.34526677097083,0.01209778552920919,1.0,1.0585528161418154
2018-02-14,57.24358183020067,0.03948455948689294,2.0,-1.30177973741351
2018-02-15,57.574817606831644,0.02950257803798579,3.0,-0.20644575841053947
2018-02-16,59.00545552474587,0.04444344468719848,4.0,1.0247567337507726
2018-02-17,57.83283782971484,0.05335140137144544,5.0,-0.4182683903638093
2018-02-18,58.864378308164596,0.0343246128315541,6.0,-0.5736696908584189
2018-02-19,57.7604345714989,0.05375215687939468,0.0,1.1634958143064738
2018-02-20,58.32002704089575,-0.015139926129741806,1.0,-0.30620207897154783
2018-02-21,59.11862948242123,0.06418999833927284,2.0,1.1044950252055679
2018-02-22,55.05372623607578,0.04051711605371981,3.0,0.4289653911271988
2018-02-23,57.438368103107145,0.05520766076569729,4.0,-0.34284465290983673
2018-02-24,57.244294144589745,0.009888199388883856,5.0,0.47969053059753036
2018-02-25,57.0122380681901,0.018305237288528207,6.0,0.3204495138460378
2018-02-26,57.842258808348554,0.03847432143845104,0.0,1.020882821002474
2018-02-27,61.48254126707925,0.03584971840372693,1.0,-0.5483455378650185
2018-02-28,56.85864880908528,0.042486768585596614,2.0,0.041206066781619685
2018-03-01,60.62202921175983,0.059150620678916785,3.0,-0.061515679604637406
2018-03-02,55.41237623000261,0.002790831789181117,4.0,0.7041481416397848
2018-03-03,58.19844428097522,0.05820654016450491,5.0,-1.0251791944441757
2018-03-04,59.281248578477836,0.039530717564237906,6.0,1.016977048237856
2018-03-05,60.213119762152196,0.035924362777509045,0.0,0.4663287721704166
2018-03-06,60.545441227355795,0.011212615947222827,1.0,-1.3169250736329463
2018-03-07,60.78935237327149,0.05133081463737857,2.0,1.2082628254805003
2018-03-08,58.58221179305329,-0.006377395115858844,3.0,2.2340930807977313
2018-03-09,58.42927470922262,0.05550756276445679,4.0,1.0018339695494078
2018-03-10,61.14153765555367,0.013332486465143331,5.0,1.4269847672264693
2018-03-11,59.11185580507636,0.044878682061873294,6.0,0.0853713816025881
2018-03-12,57.00922186377563,0.042061067697886034,0.0,-1.66150491973851
2018-03-13,57.35738297680882,0.06847012802524276,1.0,-1.8441204511675249
2018-03-14,57.84563073083963,0.04214118233400791,2.0,0.25508204386775846
2018-03-15,60.7366326828051,0.03246643512629303,3.0,-0.59197880772998
2018-03-16,60.08212037298082,0.03685207306470292,4.0,-0.9145762783273513
2018-03-17,61.23036378495378,0.07307670299414089,5.0,-0.06274668396867535
2018-03-18,59.04416392514532,0.058979907637586135,6.0,0.6155852878612882
2018-03-19,60.26216304511295,0.04117628925842567,0.0,-1.4527575467621472
2018-03-20,61.23980438727792,0.04479488112451926,1.0,-0.4488776202803848
2018-03-21,59.41058398640975,0.01881518834702122,2.0,1.5098706831203152
2018-03-22,60.98058343179917,0.058563134810681615,3.0,-1.0752883802213746
2018-03-23,58.77802914253048,0.016232257274662112,4.0,0.8697611871649563
2018-03-24,59.40770419112718,0.06709942138020118,5.0,-0.4847307615489939
2018-03-25,59.39934122636894,0.05527084454823801,6.0,0.5457937598499527
2018-03-26,57.797209469667905,0.10107236932481178,0.0,1.0973275072028672
2018-03-27,61.18596530035195,0.03196554289376785,1.0,0.7412817669850216
2018-03-28,59.29340115408221,0.05254993278236195,2.0,0.9091596022138765
2018-03-29,60.274428444727405,0.0912038492565565,3.0,-1.1515935334079561
2018-03-30,61.225212608732534,0.07970080867884416,4.0,1.1136597067412988
2018-03-31,61.168102146996404,0.042583695476338515,5.0,-0.8526931146348199
2018-04-01,61.61416952345876,0.061622205710326096,6.0,0.2595417655715384
2018-04-02,60.091825317231944,0.05781776490607952,0.0,0.2582461869972269
2018-04-03,59.44463345452256,0.06405181576058155,1.0,0.48512255886958094
2018-04-04,60.13126448029887,0.04507401032792245,2.0,0.33695667606019053
2018-04-05,56.912540986346976,0.05789613162852499,3.0,-0.8438099785247232
2018-04-06,57.38653396539505,0.028356412811926045,4.0,-1.3498674122957162
2018-04-07,57.6259516975948,0.06365484998974259,5.0,0.8723486799617686
2018-04-08,58.26449596374052,0.07058771505573823,6.0,0.18583457751891555
2018-04-09,61.04322805723213,0.05767383396934454,0.0,1.1493768409578178
2018-04-10,58.41446824350014,0.030556125045447108,1.0,-0.04473293418786798
2018-04-11,59.44791111170495,0.08326270074909274,2.0,-1.4051643606769604
2018-04-12,62.77857301584536,0.07141748488684017,3.0,0.9661296810041061
2018-04-13,59.440547101486494,0.05024160280788522,4.0,-0.370370609661107
2018-04-14,61.5981521803732,0.059784816460064116,5.0,0.3420034574210212
2018-04-15,58.22302887646266,0.03601835797610925,6.0,-0.6474594284795192
2018-04-16,59.64364018388869,0.04615846411110858,0.0,1.6443017102336905
2018-04-17,58.115841656927415,0.05654536037444452,1.0,-0.8765648241831969
2018-04-18,59.296321873522906,0.09250492418211095,2.0,-0.33742975410617465
2018-04-19,61.610651587644895,0.055781360753679066,3.0,0.10744870269731638
2018-04-20,56.4282008659515,0.08201062239292438,4.0,-1.0921823270869582
2018-04-21,60.701669436419785,0.05907494578403825,5.0,0.33051952858759515
2018-04-22,60.25546359094972,0.07543514169322797,6.0,1.6119104774674902
2018-04-23,58.536069107116276,0.06828320106823507,0.0,-0.49046216069371046
2018-04-24,56.77385376033305,0.08920716374788662,1.0,0.3951428190317255
2018-04-25,59.74907099926344,0.06168472561658122,2.0,-2.7494353860385554
2018-04-26,58.4819302075457,0.0415653080158242,3.0,-0.03892920048484066
2018-04-27,59.939652691905536,0.04601181302352099,4.0,-0.31304228592620537
2018-04-28,59.44869088572231,0.06364816440685914,5.0,-0.8184976024103849
2018-04-29,62.53655386459409,0.04993943550707386,6.0,1.081450469628532
2018-04-30,58.77963974912666,0.08375979586914659,0.0,-0.32624368162382816
2018-05-01,57.13407943544401,0.06687511289331464,1.0,-0.17747748709358746
2018-05-02,59.459741441132834,0.12431752782592545,2.0,-0.37719287478907115
2018-05-03,59.458716235744234,0.04270602555757482,3.0,-1.9168158717650765
2018-05-04,61.652073038455335,0.08216790166943412,4.0,-1.131986440076961
2018-05-05,60.51636385901058,0.05617109826004535,5.0,0.9610934861202163
2018-05-06,59.469822309310786,0.06949705255742579,6.0,-2.109950646879972
2018-05-07,61.59014776967822,0.08282838946681088,0.0,-0.7663153496157056
2018-05-08,56.19102900898806,0.03412749313743489,1.0,-0.3997200562897638
2018-05-09,57.191645604059154,0.08600636360560182,2.0,1.7436218672915653
2018-05-10,56.51820056453892,0.11996291115024527,3.0,0.768603765496369
2018-05-11,57.48957735717402,0.07347091657231068,4.0,-0.5571705270530996
2018-05-12,55.411341134430806,0.08837076031071336,5.0,1.304513697115551
2018-05-13,59.32823564058186,0.1043079576720318,6.0,-0.7405158205011196
2018-05-14,57.504445103344764,0.08116537444390451,0.0,1.0090998037340055
2018-05-15,54.89600434487747,0.07346016130873541,1.0,-1.3588772459230156
2018-05-16,55.69298880702122,0.04019955763985067,2.0,1.0732578317891572
2018-05-17,58.23554286340604,0.0991690207371058,3.0,-0.4061336454709856
2018-05-18,59.16700987178118,0.08472075878954904,4.0,-1.0285042409412697
2018-05-19,61.364369290348584,0.06736537059128439,5.0,-0.21714361307631405
2018-05-20,63.076728868054666,0.09078590245952212,6.0,0.27734417972021486
2018-05-21,57.95390195313177,0.07721528175276526,0.0,-0.49474843052571216
2018-05-22,55.02010637964617,0.078955286901499,1.0,0.5539535059953238
2018-05-23,52.607248221696665,0.10228455328090433,2.0,-0.5829938836640675
2018-05-24,57.27701932461427,0.06402600256717389,3.0,0.6203723939313579
2018-05-25,54.98410666615548,0.1123748771500466,4.0,0.44222206203659953
2018-05-26,55.64584357220732,0.064109768801124,5.0,-0.06092305470793503
2018-05-27,55.117150988297176,0.07944438453130742,6.0,-0.4413823123659498
2018-05-28,55.92280757287714,0.1317922572146649,0.0,0.15154079576526616
2018-05-29,58.19769435551832,0.1165153492011024,1.0,0.5502537430336992
2018-05-30,56.23951739331307,0.09655525445308341,2.0,2.0617991527316084
2018-05-31,55.46622128373244,0.0764274909280709,3.0,0.939420421798181
2018-06-01,53.568681483871984,0.08528756973901801,4.0,0.9759899498158413
2018-06-02,52.145591927588725,0.09797344279965044,5.0,3.0885121948602836
2018-06-03,54.375825538654524,0.09789332178964912,6.0,0.5159584767678441
2018-06-04,55.09291886399089,0.09596035918525853,0.0,0.4846435113117023
2018-06-05,58.58699025430785,0.09779604813101472,1.0,0.7040150743216541
2018-06-06,55.16097498168881,0.09476011685351676,2.0,-1.0089659775882531
2018-06-07,56.71389512015436,0.07084296496973942,3.0,-0.4439016364187562
2018-06-08,53.596555692665206,0.08998724547424367,4.0,-0.506169266692334
2018-06-09,52.070777138492524,0.11924486203211787,5.0,0.6476139772195617
2018-06-10,52.354782635511405,0.07422061563627924,6.0,-0.17417456222119868
2018-06-11,52.67779628933728,0.09843111199143666,0.0,0.1382234254743028
2018-06-12,58.22734830586337,0.08646206428172598,1.0,1.0874546201484645
2018-06-13,52.16877178125685,0.10571907208002572,2.0,0.8631507387041388
2018-06-14,55.32868373746588,0.09635432050564777,3.0,-0.16172100304124704
2018-06-15,51.68508336037038,0.13430977806139816,4.0,-0.6699950968782225
2018-06-16,55.19243690472477,0.11552848848063046,5.0,1.1352747316531886
2018-06-17,53.936715589650525,0.0797956827162018,6.0,0.7738911809098658
2018-06-18,52.69027934282651,0.12009122689894064,0.0,-1.6062568182953822
2018-06-19,52.75803958654319,0.09180855017634604,1.0,-0.3131539389082808
2018-06-20,51.36531630322172,0.09639658050895727,2.0,0.1655154620167624
2018-06-21,53.401730443757074,0.11484780897357101,3.0,0.7788297171210313
2018-06-22,51.43373064260581,0.09937140081174652,4.0,0.9101014949397712
2018-06-23,49.726064951057026,0.12769838616772894,5.0,0.2839060011754735
2018-06-24,49.454497772940464,0.09498598924592257,6.0,0.585247531358856
2018-06-25,52.18821316552561,0.09873218005928384,0.0,0.06413680237815363
2018-06-26,54.83350274276798,0.09861861387506957,1.0,-0.6738516881805606
2018-06-27,51.82725548722363,0.1010681774138516,2.0,-0.261264391041254
2018-06-28,51.10166750519423,0.13499970412682927,3.0,0.018991186640108272
2018-06-29,51.74203902111698,0.12622671952299971,4.0,-0.034679250018589874
2018-06-30,53.613654384887525,0.1484845933659557,5.0,-1.8855729044434706
2018-07-01,51.27155257960222,0.16027351899862002,6.0,-0.3974833349294312
2018-07-02,49.84199328499719,0.09494121491690875,0.0,0.05620565308915186
2018-07-03,52.70745983218528,0.11759885873702197,1.0,-0.281369991905701
2018-07-04,51.18345545877888,0.09330139049252817,2.0,-0.24682379551158573
2018-07-05,53.22859124124827,0.10190819890535212,3.0,0.4879913708045874
2018-07-06,50.35481229126207,0.10549358789012471,4.0,-1.0789571870486339
2018-07-07,47.37084793787516,0.09758706124739325,5.0,-1.6280422139512112
2018-07-08,46.91513950016208,0.0983273339071111,6.0,-0.3481697908366748
2018-07-09,52.78526579324555,0.1171143124295949,0.0,0.7641144055017897
2018-07-10,52.76302427021539,0.0963005522671925,1.0,1.6875530394866385
2018-07-11,48.789318810585264,0.1381123804525939,2.0,0.78212823909474
2018-07-12,48.215079037866666,0.10354969115641162,3.0,-1.4682637598688473
2018-07-13,51.737921139927195,0.1787310619416104,4.0,-0.23236723937677117
2018-07-14,46.43505275385028,0.11414691415531528,5.0,0.2566343810815294
2018-07-15,46.69438442673801,0.12524987664786486,6.0,0.1775911169235922
2018-07-16,49.60581910929419,0.09853762075512373,0.0,0.539304552942874
2018-07-17,47.36596477486829,0.15920120024191786,1.0,-0.9170489464607607
2018-07-18,47.981672767851215,0.14810429933034405,2.0,0.06494308755074261
2018-07-19,47.50255348270485,0.1322875237639286,3.0,0.420322829776129
2018-07-20,48.342941539783595,0.10004807600853566,4.0,0.8256709533036595
2018-07-21,50.321988551364406,0.13183238517354004,5.0,-0.805718166612792
2018-07-22,47.52835483282803,0.10582534733362316,6.0,-0.345156867242898
2018-07-23,48.476198904290825,0.1581359941583561,0.0,-2.7038176800733402
2018-07-24,42.93013753825932,0.14570770416087298,1.0,-0.6214619675777742
2018-07-25,46.77627719489377,0.1320675109284849,2.0,-0.524414892971043
2018-07-26,45.03160494681784,0.08206613752870434,3.0,-1.019584508167443
2018-07-27,44.12595714813939,0.1117602518553908,4.0,0.1656121502326517
2018-07-28,44.65400932676442,0.1458187146954895,5.0,-0.05594543204526823
2018-07-29,45.59005733858549,0.15695608653287582,6.0,-2.2592138775776114
2018-07-30,47.93940481629409,0.15551672956317597,0.0,0.21550796930175647
2018-07-31,43.30546075762351,0.10212799392342485,1.0,-0.9283241307890274
2018-08-01,45.8715517871178,0.14063422073943269,2.0,0.48568895919051513
2018-08-02,44.69543347506556,0.15554839956775382,3.0,-1.2818512477286654
2018-08-03,44.863394980482624,0.10270630456137096,4.0,0.03000653853094012
2018-08-04,47.38075485152956,0.13634984620047177,5.0,-0.2831633288865059
2018-08-05,46.30954077431563,0.14261970510902627,6.0,0.30310188495033036
2018-08-06,47.767792479672615,0.13176248608084307,0.0,0.12469727765134685
2018-08-07,44.64532945452044,0.10136946130467436,1.0,-0.25516417502145444
2018-08-08,43.42550034897196,0.1325336568461445,2.0,-1.5362723140442447
2018-08-09,44.234454432402465,0.1331364310774392,3.0,-1.4772079634610316
2018-08-10,45.03373488449647,0.13735601222650523,4.0,-0.583886939092219
2018-08-11,44.77028047571098,0.12968295244387956,5.0,-0.00827988392958697
2018-08-12,42.11861323110414,0.13272705852247224,6.0,-0.608247947199117
2018-08-13,44.340527102276006,0.14142809657528266,0.0,0.6252119305794656
2018-08-14,44.49010373242819,0.15170623495653707,1.0,-0.2792209192116837
2018-08-15,48.94467429775799,0.13740352823493016,2.0,-0.9650127247795103
2018-08-16,47.54151187432849,0.1359340055596241,3.0,-0.27809629298790933
2018-08-17,41.961486721620105,0.14660898552699392,4.0,0.22585983631655238
2018-08-18,42.97544826712616,0.10697850687892176,5.0,0.3248847188245844
2018-08-19,40.50769918561985,0.1555724485762752,6.0,1.8783791319931293
2018-08-20,42.139699196920404,0.1466554047242075,0.0,-0.6689093400034194
2018-08-21,43.841049668368534,0.14809545783353853,1.0,-0.07347866159040038
2018-08-22,45.51250365355358,0.16715119408839724,2.0,0.4261239468194264
2018-08-23,41.535849053699515,0.10951511797046362,3.0,-0.023422959200815323
2018-08-24,41.58124031510901,0.10972967180916993,4.0,-0.5006181459886532
2018-08-25,38.492799651902885,0.15531734674774023,5.0,-1.5492571763442435
2018-08-26,42.36224964808169,0.15033385337362018,6.0,-0.5108345590530156
2018-08-27,40.46534621737727,0.15451464997494976,0.0,-1.073702412717801
2018-08-28,41.436309316758916,0.14250349024258283,1.0,-1.7266066811237784
2018-08-29,40.64892841138322,0.16566802586575102,2.0,-0.7956788416705864
2018-08-30,42.12406368304362,0.1716686498756954,3.0,-1.0470917207664545
2018-08-31,38.70957548804243,0.16333043952982418,4.0,0.5837865452929482
2018-09-01,39.20591680014748,0.14906914511762262,5.0,0.6010918374142937
2018-09-02,46.31603421156655,0.11276684716834687,6.0,-0.9038792895808748
2018-09-03,39.40281057549436,0.17094027971629813,0.0,-0.2602286305631211
2018-09-04,39.70680799774817,0.18062504951482805,1.0,-1.8582426621125354
2018-09-05,45.49956113342053,0.1697165650650764,2.0,-0.4943399501826941
2018-09-06,47.56387790253556,0.13986746891296734,3.0,0.3989819007023456
2018-09-07,39.341296631883345,0.17157112596859325,4.0,0.8249378896141027
2018-09-08,40.8813166194808,0.17594075288938762,5.0,-0.7130470816913138
2018-09-09,42.23702927677548,0.1905414043210611,6.0,1.0518548605275198
2018-09-10,44.95015597843139,0.14247780151544084,0.0,-1.5156919215134717
2018-09-11,39.460646983363816,0.15610582894403785,1.0,-1.2476277991437925
2018-09-12,40.88818208056078,0.17621528229271036,2.0,0.7096618656378763
2018-09-13,42.88058316152558,0.16305296333352506,3.0,1.6711212285632473
2018-09-14,42.145420595327195,0.14019313049865703,4.0,0.4934319881836954
2018-09-15,40.476382703539855,0.17146692887513723,5.0,-0.040342386534012425
2018-09-16,40.91669620437405,0.17538275648582716,6.0,-2.1951837465222086
2018-09-17,38.39305277524162,0.1662037023710645,0.0,-2.0224470560434793
2018-09-18,40.627867371156874,0.16947106362296396,1.0,0.12940953689586895
2018-09-19,40.535690942229834,0.1605401676805711,2.0,-0.35806266957117455
2018-09-20,41.49994889454364,0.19591478506352755,3.0,-1.105835182152118
2018-09-21,39.895000677482784,0.14897028330987344,4.0,0.06553258083005072
2018-09-22,41.921690783547206,0.15587263236377202,5.0,0.11513136750780958
2018-09-23,42.9799255745861,0.16847367852451878,6.0,0.9444158685402726
2018-09-24,41.24416245984683,0.18646796944290675,0.0,0.13660228301270078
2018-09-25,41.61856337174331,0.13957634612191877,1.0,1.2283943683343845
2018-09-26,41.00605123494241,0.14395279516342135,2.0,0.007994029548813363
2018-09-27,40.88754802260938,0.13003908063895644,3.0,-0.11533499480733611
2018-09-28,39.434855181403236,0.17208247593363685,4.0,1.0643121862471823
2018-09-29,41.504508827813744,0.14969737571936118,5.0,-0.9784408800414345
2018-09-30,40.673456059791505,0.16500741049805434,6.0,2.8144474532661614
2018-10-01,45.05383669798047,0.1865608971311675,0.0,0.3752574781667358
2018-10-02,44.01664367742985,0.16113739955259704,1.0,0.3808292528376731
2018-10-03,41.64702395832997,0.1792288150580419,2.0,0.5250959739725976
2018-10-04,39.357575944404104,0.1692513370830608,3.0,1.8771364753316424
2018-10-05,38.670187923842605,0.1893153021749446,4.0,0.7925074116726066
2018-10-06,43.29157585763585,0.18601049785489668,5.0,-1.6050559790039236
2018-10-07,41.45202277453677,0.16330418321936493,6.0,1.4034703847675043
2018-10-08,41.906996626732585,0.17440474270976875,0.0,-0.3408965794450173
2018-10-09,37.48066942393578,0.19928756636710832,1.0,0.10715507283932346
2018-10-10,42.850790107480925,0.186915156452701,2.0,-1.2792539721752665
2018-10-11,41.93375895090156,0.15174329852751706,3.0,0.5262020181238957
2018-10-12,38.83598776523742,0.19342982154088798,4.0,-0.6513742900675522
2018-10-13,40.14864758714591,0.15926016850365618,5.0,0.10016963799347375
2018-10-14,41.656887501592976,0.2098375629865217,6.0,-0.284099005360783
2018-10-15,41.275040156099394,0.20270419901904274,0.0,1.9250128017358519
2018-10-16,40.62930412416353,0.18865485237551088,1.0,1.9822603001455896
2018-10-17,41.05308440477985,0.18663672036078735,2.0,0.046513170214741384
2018-10-18,40.80538232549814,0.17994633900643575,3.0,0.06397771136885474
2018-10-19,41.66658628209541,0.19833238378990534,4.0,-0.37344296634951507
2018-10-20,44.3594029100189,0.17798126200758416,5.0,1.1060062915027862
2018-10-21,36.34087797402471,0.1907431434445439,6.0,-0.32891987033337716
2018-10-22,41.06107222489501,0.2041053539970557,0.0,-0.4213372746456993
2018-10-23,41.95116049102358,0.17606545643107552,1.0,0.9785928636649645
2018-10-24,42.25625368326477,0.17561265313669405,2.0,-0.5382990953166494
2018-10-25,40.98931510304822,0.1646841189569394,3.0,-0.03775503444853058
2018-10-26,38.29130829922124,0.16791689428382578,4.0,-1.5813107815109928
2018-10-27,42.53505918860821,0.1532733636124398,5.0,0.7041903451231669
2018-10-28,45.41077268418689,0.20507276625650106,6.0,1.9408669391818687
2018-10-29,38.968019281127795,0.22728940195276653,0.0,0.7212253727997919
2018-10-30,43.845711086692894,0.22025261061543785,1.0,1.461799167547305
2018-10-31,41.54593726421654,0.15985926260842204,2.0,-0.8461021361773309
2018-11-01,42.16786712612569,0.20751296644699702,3.0,0.2363242820282007
2018-11-02,40.274817364088044,0.22209292064926478,4.0,-0.9431599243693896
2018-11-03,41.80434531144154,0.185149514670941,5.0,-0.22776554558134285
2018-11-04,45.16850830765631,0.1969495835336359,6.0,0.7722114773525048
2018-11-05,43.831381998095104,0.15539769453946217,0.0,0.10182061310329862
2018-11-06,46.230810058748126,0.20152519955000903,1.0,-1.4126410226012216
2018-11-07,45.22356017200876,0.17555420223670248,2.0,-1.3150291055377534
2018-11-08,43.85186406341397,0.20145301781854774,3.0,-1.3811639314907738
2018-11-09,46.568888675244,0.1668711796514605,4.0,0.4914525899395903
2018-11-10,44.06867860041963,0.20958732321971066,5.0,2.0638945356566682
2018-11-11,44.958653481580136,0.21985533287361314,6.0,1.3624582440002129
2018-11-12,42.82380000814496,0.18433640276569666,0.0,-1.8959851991460643
2018-11-13,43.666545357927454,0.17789646900671194,1.0,1.421075938069784
2018-11-14,42.2573313301088,0.15814938041884163,2.0,0.9364004170146472
2018-11-15,45.7522512957544,0.19657649122325835,3.0,-1.5452999455287577
2018-11-16,41.53952494365093,0.19090780385405046,4.0,-0.3032016167104975
2018-11-17,45.58599043019186,0.17215421492764207,5.0,1.0955224114958095
2018-11-18,43.76721783180062,0.21286989893576724,6.0,0.5504335109347853
2018-11-19,46.620280220827404,0.19544503680715147,0.0,-1.3090950523879856
2018-11-20,45.910788620436556,0.18356464590646043,1.0,0.6107421557961942
2018-11-21,48.18356813351521,0.19462283760147678,2.0,-2.1375005960805877
2018-11-22,46.13897240512155,0.22777529712779865,3.0,-0.22282217575721136
2018-11-23,41.670372639205475,0.21904286585923144,4.0,1.1379567694000488
2018-11-24,44.81942019114757,0.20501852638907783,5.0,0.018394215571319834
2018-11-25,42.749988586472575,0.2206360686232653,6.0,-0.4989375499619459
2018-11-26,44.19988202517388,0.18567064976115413,0.0,0.8893462537723492
2018-11-27,48.40305835126131,0.21017121153835014,1.0,0.9747518150865815
2018-11-28,46.801508140912844,0.21310517676845958,2.0,1.3100396928669502
2018-11-29,44.27605568142778,0.20139692062367626,3.0,0.8743424284463873
2018-11-30,43.79555205060655,0.2201377381477198,4.0,1.0813747939371465
2018-12-01,46.039172207548944,0.19645482297060304,5.0,0.7329085574375346
2018-12-02,43.692616263130034,0.22289482685393505,6.0,0.26552864911647195
2018-12-03,44.937047710715625,0.22437050876395917,0.0,0.08950899976381409
2018-12-04,47.05835750391524,0.15562505635431265,1.0,-0.237259719097402
2018-12-05,48.90134652782516,0.23840928867337696,2.0,-1.2123682930597257
2018-12-06,47.96595749513504,0.15428544393104016,3.0,-0.9553115088198088
2018-12-07,42.32485003604571,0.20355203536189337,4.0,-0.28201448193520967
2018-12-08,47.676393248540464,0.2370148971930916,5.0,0.2414521596024293
2018-12-09,47.37314736974337,0.2107971226378083,6.0,1.4408125980042632
2018-12-10,48.219424030727545,0.18845405812838692,0.0,-0.04179722787551253
2018-12-11,50.78772163360219,0.196537957178365,1.0,1.003476290877664
2018-12-12,43.593532545687474,0.23958573397403143,2.0,1.0793156564321207
2018-12-13,46.70350923110684,0.1812524490715669,3.0,-0.231446797688791
2018-12-14,49.234187700611116,0.24289728233670066,4.0,0.5946902113701839
2018-12-15,45.05674877704793,0.21985033897153516,5.0,-0.2435280417248615
2018-12-16,51.34025302870247,0.19773939497845291,6.0,1.3221358940784769
2018-12-17,49.29429138535055,0.2105599207761684,0.0,0.6358433382659322
2018-12-18,50.42072602591302,0.20251265603511004,1.0,-1.1904837546883553
2018-12-19,47.75635786437506,0.24081656750923405,2.0,0.16152465215384673
2018-12-20,50.69711730188115,0.23877554032224088,3.0,1.6481121618238797
2018-12-21,51.37848553735517,0.19037868208438385,4.0,-0.18123103454670117
2018-12-22,49.87980872544368,0.2173249830264387,5.0,0.44771503009506813
2018-12-23,50.055872308913315,0.20876803278486047,6.0,0.5458788377391453
2018-12-24,50.30123209076413,0.25253686603585407,0.0,-1.0366228991646005
2018-12-25,48.207736958035646,0.20029960493905888,1.0,0.5107079492135139
2018-12-26,49.81360820472748,0.26002109003020824,2.0,-1.3938351520346257
2018-12-27,49.97816409057796,0.22790553378108983,3.0,-0.6256241064013961
2018-12-28,51.22479520671553,0.20596766107874748,4.0,1.075722967494192
2018-12-29,52.6326581707944,0.2162957861610843,5.0,0.356756290308358
2018-12-30,48.691092672196675,0.21444381366082146,6.0,-0.304477807746527
2018-12-31,50.73340393335805,0.20561874307080097,0.0,0.44646102124518744
2019-01-01,54.121641254048114,0.23364256894063926,1.0,-0.060092247755131445
2019-01-02,49.84686186583798,0.2078226413671155,2.0,0.012578502351833248
2019-01-03,49.86479544672619,0.18940854884110925,3.0,0.6568185267201376
2019-01-04,52.089063024148885,0.2260572642338302,4.0,-0.7273677406591319
2019-01-05,53.54822322042241,0.19822859035735663,5.0,0.040336405554690695
2019-01-06,52.05710327309896,0.2198774175592845,6.0,-0.3122681946066529
2019-01-07,54.8667159331261,0.21737349778348844,0.0,-1.5856033746002556
2019-01-08,54.096620795078955,0.21876615474995992,1.0,-0.9204557562492998
2019-01-09,54.24055483903975,0.2768446588571999,2.0,1.5682064470638322
2019-01-10,53.83862279659259,0.23858854880370886,3.0,0.38472331458523407
2019-01-11,57.55871383298313,0.24300265827514472,4.0,-1.3235883014013892
2019-01-12,52.66559451435115,0.20320219280331284,5.0,-1.5403543758484106
2019-01-13,49.240825811378556,0.22628581669234094,6.0,-0.11216390011058394
2019-01-14,56.62772385307594,0.24430605259883023,0.0,1.5611865331764823
2019-01-15,52.67450340132044,0.22014434237666053,1.0,-0.18675813480435263
2019-01-16,53.97564304619714,0.259431098140201,2.0,1.306999553404016
2019-01-17,56.548206754585905,0.21785083018674128,3.0,0.3519307708186574
2019-01-18,50.89300365938665,0.23681235982237903,4.0,0.47125045784589364
2019-01-19,51.76179083422362,0.231453570375092,5.0,-1.3357205093045694
2019-01-20,51.22918836173355,0.24709593699716212,6.0,0.9375229217497576
2019-01-21,53.00917863811251,0.2316346430073359,0.0,-0.3349320372736072
2019-01-22,55.64143125919453,0.23966149253794636,1.0,0.8630924536109083
2019-01-23,55.974192543103705,0.24099168387872602,2.0,-0.814169981986113
2019-01-24,55.64092845283921,0.23166145120138032,3.0,0.1770493475099125
2019-01-25,52.424268759195634,0.25668600435406924,4.0,0.3520029539376315
2019-01-26,50.789824390953115,0.25238681511579614,5.0,-0.15403331657586652
2019-01-27,55.67773293755492,0.2464816893489049,6.0,0.4045451930861567
2019-01-28,54.78318579457188,0.24027972221964972,0.0,-0.26639707519250877
2019-01-29,56.80189330008078,0.26545469013420947,1.0,-0.6490597530412794
2019-01-30,57.44203930439408,0.2454420452824465,2.0,1.6054833827939645
2019-01-31,56.46820661968538,0.24465970503713205,3.0,1.0489528663614422
2019-02-01,57.86411846641562,0.253522372026334,4.0,-0.7608647450481768
2019-02-02,56.95289628220309,0.28599522572290903,5.0,0.5684443055946129
2019-02-03,57.703673190078,0.22589128853798862,6.0,-0.742678854701153
2019-02-04,55.381673272603095,0.26873047119444043,0.0,-1.1846846436623242
2019-02-05,56.57763600508953,0.21610483074349185,1.0,1.0338094413989762
2019-02-06,57.47457080086779,0.25894863776774707,2.0,-1.7040996256474057
2019-02-07,58.864514296632954,0.2867397517902699,3.0,0.9268559135765412
2019-02-08,56.57665143606719,0.265646386362362,4.0,-0.2527223125730585
2019-02-09,58.54534167841259,0.2599204380787324,5.0,-0.21154660308052864
2019-02-10,57.108359710785294,0.2459338677667956,6.0,0.4097512196232897
2019-02-11,57.54010016458244,0.25839872178754886,0.0,0.5811988119942524
2019-02-12,59.56744775853443,0.2533714421046313,1.0,-0.8263431768289082
2019-02-13,54.05355354145924,0.2433280868889919,2.0,0.7177256087500634
2019-02-14,55.57599571449985,0.2538850273730423,3.0,0.1133705380252234
2019-02-15,55.33179977721814,0.26428508352998914,4.0,-1.2560547928680381
2019-02-16,53.75409588788304,0.24560803958176813,5.0,-0.1698744835797392
2019-02-17,57.187848010585284,0.2454616651736079,6.0,1.3812790155589258
2019-02-18,60.16414914020645,0.23501735347037875,0.0,1.6765947982456966
2019-02-19,58.214238458486115,0.27067164337892075,1.0,0.7173484576086773
2019-02-20,59.29609856612964,0.2743985287314047,2.0,-1.19034348816837
2019-02-21,61.19321818289588,0.26876019301171444,3.0,0.4906069024558882
2019-02-22,61.78214029905266,0.28406531461647805,4.0,0.8508609038591928
2019-02-23,59.09816482509962,0.26715417813843995,5.0,0.7257079833187221
2019-02-24,62.05094139104428,0.2738719647790611,6.0,0.7849542886879182
2019-02-25,59.63297724027516,0.2727434151794179,0.0,0.3632630792475308
2019-02-26,57.87647702187715,0.2654707869132232,1.0,-0.0724123388305437
2019-02-27,58.46258809894315,0.257320071373915,2.0,-0.6083674959040184
2019-02-28,56.787968174071885,0.3128544808872668,3.0,-1.8979355185014963
2019-03-01,58.067934953839725,0.2601673296092791,4.0,0.33964176671335083
2019-03-02,59.22081255581552,0.2565237156188611,5.0,0.18605284365218855
2019-03-03,61.634114538434126,0.2791563869451926,6.0,0.5575758428248162
2019-03-04,63.556012269329955,0.27614819941701124,0.0,-1.3375436932928941
2019-03-05,57.43504222740971,0.24365020079382518,1.0,0.6450166893150603
2019-03-06,61.067373163020086,0.29483451747222716,2.0,2.054545094620777
2019-03-07,58.280300183286734,0.2711319815088563,3.0,0.07845013077791134
2019-03-08,61.38778627320673,0.25143217174647925,4.0,-0.06166531920654083
2019-03-09,60.250535151906455,0.2980613965727918,5.0,0.309002356085701
2019-03-10,56.92250440007446,0.287434146352558,6.0,2.032337024710338
2019-03-11,62.50978859670671,0.25026471571659725,0.0,-1.023647761699891
2019-03-12,59.50932324356417,0.3117341329956307,1.0,0.20320693339390494
2019-03-13,59.714887086798825,0.29000134419272067,2.0,-0.7996574222976441
2019-03-14,58.70376063899363,0.2772563951478165,3.0,-0.547004720844995
2019-03-15,59.59247480005262,0.3098996142076737,4.0,-0.04959030788193934
2019-03-16,61.81177994095968,0.2819161144067515,5.0,1.3473232416135588
2019-03-17,60.6296345536756,0.2788034178629987,6.0,1.8009906006887368
2019-03-18,61.71472338111351,0.26679399767956025,0.0,0.4481421446267063
2019-03-19,61.827657529547366,0.29227192942106217,1.0,-0.3765947230234853
2019-03-20,63.78867706912974,0.2908019006163209,2.0,2.4927388666385184
2019-03-21,60.50243492285162,0.2821983647025561,3.0,-0.4275544813295202
2019-03-22,58.272047481723035,0.2667399554623305,4.0,-0.5711359143597373
2019-03-23,63.39505601653791,0.2857732002579247,5.0,-1.7749430445787269
2019-03-24,60.629565698792966,0.28241354809428104,6.0,1.3960915692447435
2019-03-25,63.5507320622505,0.2577749580697604,0.0,0.968245592371294
2019-03-26,62.11437314594109,0.25564311805288137,1.0,2.417805536116446
2019-03-27,61.10847543710426,0.29701735329048107,2.0,-1.3895233522181258
2019-03-28,62.08848778131041,0.23431144004817256,3.0,1.4581708074791095
2019-03-29,65.3101954862548,0.29109233752335223,4.0,0.07013551836612739
2019-03-30,65.57641050775838,0.2780573864639711,5.0,0.8061002168001363
2019-03-31,61.572532223932235,0.31441890039156645,6.0,-1.647777141104471
2019-04-01,61.7625106508775,0.2790195247058114,0.0,1.4680818226652972
2019-04-02,63.600006759913725,0.30271349380884743,1.0,0.7865167513318304
2019-04-03,59.75863817180634,0.28222045333397433,2.0,-0.038910034786217525
2019-04-04,62.11557180607834,0.29306861386337363,3.0,0.6451126876611214
2019-04-05,61.39421431708548,0.30616530204697245,4.0,-0.7654953010422492
2019-04-06,62.06730549188649,0.28281237773700046,5.0,-0.5794400855816993
2019-04-07,59.76334346913495,0.31262951038838077,6.0,-0.46344461362539624
2019-04-08,58.23858479105571,0.27345937579120366,0.0,-1.852727861690278
2019-04-09,57.256442890532824,0.29986011081942154,1.0,0.8617584942033671
2019-04-10,59.14938828697121,0.3130559690589316,2.0,1.1915936141825663
2019-04-11,60.44561580863522,0.30843884507390196,3.0,-0.7013441497638416
2019-04-12,60.75246340570586,0.3342019134077241,4.0,0.3482030159448188
2019-04-13,65.18626752719854,0.2812391501617233,5.0,-0.2655404746292363
2019-04-14,63.493837941983784,0.2695598721158854,6.0,0.3282739620810305
2019-04-15,59.32481216252931,0.27789107560787535,0.0,-0.6275772412110292
2019-04-16,61.90866236325602,0.3116215497436671,1.0,-0.8834251560876358
2019-04-17,60.36045945277808,0.30900607773300665,2.0,1.0520748860237426
2019-04-18,60.564390507974,0.30172767287548796,3.0,-0.06387058512449259
2019-04-19,61.45941677029103,0.27785831933531774,4.0,2.0221089508534758
2019-04-20,62.279914105017156,0.31628972681896217,5.0,0.046309964794139964
2019-04-21,60.31303534029019,0.2770932060342908,6.0,-0.9260780403504922
2019-04-22,63.06642561048404,0.32540121386976023,0.0,1.2269408764359389
2019-04-23,58.59922272495522,0.3600059113199402,1.0,0.6308001641460198
2019-04-24,60.837377752564656,0.3108210864234945,2.0,0.7268728636964236
2019-04-25,65.95888959575751,0.315789146840139,3.0,1.1906006788679186
2019-04-26,61.14580526965402,0.2949047093839936,4.0,-0.6527962938457945
2019-04-27,63.49945944113863,0.2691925589750891,5.0,-0.12725330898528756
2019-04-28,60.74675710975199,0.2939773587711416,6.0,-0.17144983148779322
2019-04-29,61.65328043134202,0.28480876184469167,0.0,-1.2907465369156184
2019-04-30,60.303514774017486,0.278361495773287,1.0,-0.2635901501582435
2019-05-01,59.99898941708948,0.34238370677642094,2.0,1.3363794578768242
2019-05-02,58.70095553649952,0.314028678931944,3.0,0.237338103793847
2019-05-03,61.03805574444596,0.31680010081862886,4.0,-1.3460613278449878
2019-05-04,58.38935366833309,0.3036608225373449,5.0,-1.555839411664935
2019-05-05,61.33604199853845,0.3070187688273217,6.0,1.6647760587482714
2019-05-06,62.085384358633746,0.3304021247558978,0.0,-0.09031901025512999
2019-05-07,60.55533496044371,0.31109928937212744,1.0,-0.6474102057016173
2019-05-08,59.15478780925255,0.322994831141447,2.0,-0.2739917648970031
2019-05-09,60.537809986906204,0.3090957870589727,3.0,-1.477307754317332
2019-05-10,58.9127364949873,0.3068077358361527,4.0,1.4230951495116198
2019-05-11,61.29902137314602,0.28614743097367706,5.0,-0.3930529375860296
2019-05-12,55.66063141984334,0.27536565367329235,6.0,1.367401527738422
2019-05-13,58.54544916944592,0.3103243175342275,0.0,0.05165171444731515
2019-05-14,55.12599666602447,0.31732041003034084,1.0,1.4295319745684398
2019-05-15,56.00622543215853,0.291102796091221,2.0,0.2566944990430854
2019-05-16,61.61060158779429,0.31677082015962477,3.0,0.853232662869076
2019-05-17,60.55761529117918,0.31917028935504815,4.0,0.7190930460883368
2019-05-18,57.21052642815298,0.2756099986089712,5.0,0.6232910662519707
2019-05-19,55.52463075361337,0.3010625861754893,6.0,0.3479344771827106
2019-05-20,52.47867641908686,0.3281452778747094,0.0,-0.2328507161155849
2019-05-21,57.19682222944468,0.32837609522283556,1.0,1.9154346915728602
2019-05-22,62.99874280293486,0.29819634294184605,2.0,-0.9069369850959007
2019-05-23,58.89983948481674,0.3250737229147566,3.0,0.004307642343159692
2019-05-24,56.78118198655778,0.34298782704689196,4.0,0.01488587520759545
2019-05-25,58.698879434506914,0.33871606235442114,5.0,0.4024407533435215
2019-05-26,54.513371545307955,0.3219038080692451,6.0,-0.4294726458945011
2019-05-27,56.90542801975168,0.3150849181779586,0.0,0.31474630558958777
2019-05-28,57.562074450471556,0.312492475392675,1.0,-0.16884258520296613
2019-05-29,57.052262749031094,0.33507068137247886,2.0,-1.5819525174378992
2019-05-30,58.66576266053271,0.3302512858120641,3.0,0.009552286256846456
2019-05-31,57.631511569012076,0.339572207106171,4.0,-1.1005653330301517
2019-06-01,58.135371184469776,0.3302565238814707,5.0,-1.734385762448901
2019-06-02,55.276943411266075,0.3446292472609171,6.0,0.13687332068938496
2019-06-03,58.30280233235245,0.3307807395480429,0.0,0.48788334201956646
2019-06-04,59.61708801960566,0.34521758384644324,1.0,0.5266980421045764
2019-06-05,54.26956154657543,0.3475751855660629,2.0,0.5671707070196942
2019-06-06,54.28376478604409,0.31470311818915453,3.0,-1.9325890209406105
2019-06-07,58.57871492947887,0.2952656904911565,4.0,-1.3610169279074695
2019-06-08,55.37118907508355,0.3629333491837831,5.0,1.9735214368136709
2019-06-09,58.407037614189846,0.33783158731265794,6.0,-1.0472087600770361
2019-06-10,54.55867489492195,0.2990436154234109,0.0,0.6108410311366891
2019-06-11,58.197069729680365,0.3196918640238797,1.0,-0.686937621665846
2019-06-12,55.392110633334106,0.3500406604505712,2.0,0.07967273926756446
2019-06-13,55.48673294508118,0.32964455861543734,3.0,-0.6332542022735941
2019-06-14,57.93987153206316,0.32563178748663335,4.0,0.5615411546196448
2019-06-15,53.926126920386245,0.36452557371419586,5.0,0.13677411731669906
2019-06-16,52.60577684585653,0.31619711421518093,6.0,-0.4482897736442336
2019-06-17,53.428415400112264,0.32181471062268113,0.0,-1.0501721196807103
2019-06-18,55.06695319815913,0.3426404279136637,1.0,0.2677741974925111
2019-06-19,50.86677665318319,0.3468567176886967,2.0,-1.21271879904259
2019-06-20,55.108563658112885,0.34960940036935434,3.0,0.4274810421208385
2019-06-21,52.59077356428759,0.3585422212088392,4.0,2.6264849090369
2019-06-22,55.79805308348465,0.3449239533660113,5.0,1.350170051262012
2019-06-23,48.54748602752074,0.3513749803660698,6.0,0.7183478868941628
2019-06-24,51.59597153010151,0.33703803703592056,0.0,-0.08560729774114767
2019-06-25,49.62883118634332,0.34411110892187713,1.0,-1.9387526270035254
2019-06-26,51.18159145594936,0.3456427470931362,2.0,-1.3222863959001843
2019-06-27,53.16133422102481,0.34842894684336484,3.0,1.2827928561027135
2019-06-28,52.13922106524464,0.36021270091356,4.0,-0.7897560801247798
2019-06-29,51.822361762746034,0.35649973903572196,5.0,-0.6992520981640467
2019-06-30,51.84201131744392,0.34691608608974966,6.0,-0.16565047568402144
2019-07-01,52.39829421684455,0.3304841469678459,0.0,-1.0620462588465547
2019-07-02,49.8055058215086,0.3486550124628415,1.0,-1.2267687345516363
2019-07-03,53.06731185259377,0.34737615223859303,2.0,-0.050474072781421825
2019-07-04,52.81000468135679,0.35243506016769255,3.0,-0.8915294546720363
2019-07-05,52.085885291298645,0.39333685534915724,4.0,-0.7410185797788948
2019-07-06,52.260140461050945,0.33936581427044515,5.0,-0.781191026147006
2019-07-07,51.571352161663654,0.3589219708586977,6.0,0.5223602138344686
2019-07-08,54.88033466284571,0.3724803524559971,0.0,-0.23212569049535728
2019-07-09,50.4679517454082,0.3537060700280194,1.0,-0.17857196789385368
2019-07-10,49.86025655070979,0.3991378547643957,2.0,0.5969458973088833
2019-07-11,48.80003223516586,0.34545508718124346,3.0,-0.14203960823294015
2019-07-12,48.07565849771313,0.3601325780971946,4.0,-0.27825376845717287
2019-07-13,47.484819138970806,0.3383095993878546,5.0,0.47045035557017084
2019-07-14,48.03027965020557,0.34789014021776904,6.0,0.668197843557631
2019-07-15,49.501207860075674,0.36053423376348875,0.0,-0.14707349950860418
2019-07-16,50.14648593564169,0.37311655743663075,1.0,0.0806077756205216
2019-07-17,49.41618929642196,0.36320729350586833,2.0,-0.781790229733328
2019-07-18,47.61957610516208,0.3826426144470122,3.0,-0.8606830431645255
2019-07-19,50.78853856652396,0.35619593188338466,4.0,0.7691475019668077
2019-07-20,50.30534794551779,0.3520867881333786,5.0,0.4449420625446217
2019-07-21,48.3464583726231,0.4134447815106671,6.0,0.4552984384165761
2019-07-22,47.20008288842527,0.3678847529888406,0.0,0.28085434872552223
2019-07-23,49.443907318126875,0.3462452897153497,1.0,0.04620327581495357
2019-07-24,48.565159074023754,0.34738456602487994,2.0,0.6964118908227692
2019-07-25,45.136189638654066,0.34305116361413507,3.0,0.9351087610227838
2019-07-26,47.74083513416494,0.3812710696568183,4.0,0.9112280051906476
2019-07-27,48.24638505186556,0.3558870573167383,5.0,-0.10077791594598683
2019-07-28,45.76965464637659,0.36635677332265354,6.0,1.386992729908838
2019-07-29,47.79672116439216,0.3631742709556791,0.0,0.22846068173232117
2019-07-30,44.35668491979666,0.37970921323818374,1.0,0.6323761925657985
2019-07-31,49.78934855185713,0.34877940385660533,2.0,0.28208789083487973
2019-08-01,49.46491893077799,0.3448377606263461,3.0,0.2470067074841741
2019-08-02,46.31746783185696,0.37147007312775887,4.0,-0.7357519902503197
2019-08-03,47.40438000361485,0.3796382333130456,5.0,0.701350838344826
2019-08-04,41.714125428050764,0.3749046145159211,6.0,2.845294394907639
2019-08-05,44.079344738507274,0.3526998143069423,0.0,-0.3747950747900833
2019-08-06,45.66416858321303,0.3830735063656374,1.0,0.07099471542494816
2019-08-07,43.96880492889668,0.3552815116168174,2.0,-0.4462052643472624
2019-08-08,47.404908696304844,0.3603628778979231,3.0,-0.48801990156193453
2019-08-09,49.83549528638963,0.3525495009341314,4.0,1.5444494781186728
2019-08-10,43.35424202182559,0.3980866590365327,5.0,-0.6729710177274647
2019-08-11,43.90093710936333,0.38536684351895967,6.0,-0.4740804733663613
2019-08-12,45.91701627092089,0.3854332008469108,0.0,-1.5874928237313013
2019-08-13,48.54050999474967,0.39891248239110294,1.0,-0.7576117245422473
2019-08-14,42.747628605800735,0.4308561595679491,2.0,-1.7083998929533477
2019-08-15,45.566528626034206,0.34105357315989215,3.0,0.6318046992119288
2019-08-16,48.58915051212151,0.3611054842554737,4.0,2.7996972218373095
2019-08-17,41.52318528510936,0.364184434824446,5.0,-0.36667879365052214
2019-08-18,42.146806735263006,0.3601264646952033,6.0,-1.6667579329902373
2019-08-19,43.746100135102346,0.3562261128257035,0.0,0.8999996644297332
2019-08-20,43.43866655786671,0.3724196371315911,1.0,-0.7269249589301569
2019-08-21,45.993772395425296,0.3547155447418309,2.0,1.2993469305535403
2019-08-22,44.74284601014895,0.38638338703328795,3.0,-0.2820290477899447
2019-08-23,40.602822768632635,0.3813514267460326,4.0,-0.6318156890827807
2019-08-24,45.079084159776386,0.39057295424765404,5.0,-0.17795755574568647
2019-08-25,42.79103009539905,0.39174187062006666,6.0,0.7577767609361872
2019-08-26,46.39520608178415,0.3942823592907558,0.0,-0.22742063075565644
2019-08-27,42.49373012695271,0.3753889641206652,1.0,-0.49672470279370545
2019-08-28,42.380687764016756,0.42591493154473686,2.0,-0.1988316029788718
2019-08-29,44.643643348057616,0.3888156064566261,3.0,-1.271855184500885
2019-08-30,44.99717191495277,0.3475122097094088,4.0,0.39703160229398016
2019-08-31,44.279961157358265,0.36534931048150104,5.0,-1.7867265938449102
2019-09-01,39.92754281489,0.35122168625118977,6.0,-0.44412145436551537
2019-09-02,44.292339026096606,0.3870133592496928,0.0,0.7593852088307432
2019-09-03,41.067769793423786,0.38486548282052063,1.0,0.3030482829327168
2019-09-04,43.529661536564134,0.37856799397851876,2.0,0.5903205729863903
2019-09-05,40.13699536470994,0.4287899508194388,3.0,-0.06504567271880911
2019-09-06,43.805118017871024,0.40018600668788745,4.0,1.1697461809855167
2019-09-07,41.229962239649446,0.4043632370701965,5.0,0.924699196769792
2019-09-08,40.21127539126597,0.37185472071734843,6.0,0.44614100424767456
2019-09-09,44.14028860658942,0.37112821328449086,0.0,0.927545777313543
2019-09-10,43.134779891703865,0.3924821417279708,1.0,0.7504235544035768
2019-09-11,41.36513769616465,0.3958410951739969,2.0,-0.43946351334689027
2019-09-12,45.43982562921729,0.3558896416735839,3.0,-1.3438989116913336
2019-09-13,41.60333332499277,0.39004465319380294,4.0,0.42036212584262383
2019-09-14,42.49883395306599,0.39456715594318437,5.0,0.5460892308314287
2019-09-15,42.92525190008742,0.39061765160521233,6.0,1.0904719911385654
2019-09-16,41.10374042387906,0.379287747308622,0.0,-0.9363212750452935
2019-09-17,43.2438471375116,0.3853997725520534,1.0,-0.9064310592771633
2019-09-18,41.19604032350692,0.3932882129539409,2.0,0.45990026630777037
2019-09-19,41.403919436545486,0.3992763179325184,3.0,-0.07116698885308664
2019-09-20,44.91962455362797,0.41019106974624947,4.0,-1.8857616105711281
2019-09-21,40.083213168826106,0.42034728282917616,5.0,0.37510816375419076
2019-09-22,37.311783235328114,0.3934781248945344,6.0,-1.8524229149889546
2019-09-23,45.33509808770038,0.3908768760776929,0.0,-0.9452565518733762
2019-09-24,47.19068986845406,0.40938803410560676,1.0,1.3516813728601071
2019-09-25,41.2632421827764,0.4134867395980584,2.0,1.8248790178071153
2019-09-26,38.18479461727647,0.3932207532395842,3.0,-1.2156563684719617
2019-09-27,41.425141442764826,0.418347552079006,4.0,-0.3293915374126943
2019-09-28,41.46425550753775,0.42276630999772263,5.0,0.04262252307870598
2019-09-29,41.65040278115277,0.42964325312269724,6.0,1.781226927581568
2019-09-30,39.799983331504954,0.44001086257884087,0.0,-0.49286894782440155
2019-10-01,43.18535252380241,0.3877510423061763,1.0,-0.4768840230332781
2019-10-02,43.07767878178169,0.4059922499009359,2.0,1.5487255584628619
2019-10-03,39.04524977230851,0.4065747602815796,3.0,-0.374789152718258
2019-10-04,43.44081398591358,0.40502265561347683,4.0,0.7222017089664575
2019-10-05,46.15911099043138,0.3946337892268449,5.0,-1.4771429651124275
2019-10-06,42.411940775062405,0.3785427281893468,6.0,-0.17123274409232622
2019-10-07,41.41060415883564,0.410742477809469,0.0,-1.6595968383264046
2019-10-08,41.821433549864494,0.3941566963328513,1.0,-1.0554337809557044
2019-10-09,43.359085090551446,0.4118785997736827,2.0,0.8392013551522634
2019-10-10,38.69330009208028,0.3949127799596737,3.0,-0.04990539108671263
2019-10-11,42.5124298391576,0.38943540451168457,4.0,-0.31910574055297464
2019-10-12,41.43465139387092,0.41674945927103,5.0,-0.7487496239809176
2019-10-13,45.94607738668806,0.4157168432345426,6.0,-0.22065607324128275
2019-10-14,41.93983778400018,0.424918972759752,0.0,0.30111316710069364
2019-10-15,45.664611940356096,0.4576855292966065,1.0,0.9829162064617618
2019-10-16,40.16489525893679,0.42014896522739154,2.0,-2.6251466840968023
2019-10-17,43.593309433247505,0.42493973057937784,3.0,-0.8317611742628097
2019-10-18,43.10686776822453,0.3943217892956694,4.0,0.15909624218900573
2019-10-19,40.78209692089106,0.390769787697209,5.0,-0.09886311596228586
2019-10-20,42.929941352036636,0.44879944607832384,6.0,0.403376242526725
2019-10-21,45.057962688280654,0.39930818217911174,0.0,0.26754028612655384
2019-10-22,42.04591950407133,0.39753381698332557,1.0,-0.30486786299340723
2019-10-23,39.37294050866931,0.41826564062328797,2.0,-0.5268531959871771
2019-10-24,42.78787020966585,0.4178786914149919,3.0,-0.2455014897355009
2019-10-25,41.08702823483592,0.4022673301885945,4.0,1.1487423498227427
2019-10-26,42.2788001455808,0.41485291657811896,5.0,-0.7320079329057144
2019-10-27,42.874622840539914,0.44617481594030367,6.0,-0.06280672314395548
2019-10-28,39.70349798255765,0.40610235004558626,0.0,0.18334221399842102
2019-10-29,39.96315557104887,0.39498369316981946,1.0,1.560350929874458
2019-10-30,44.240918889077726,0.4423439359100593,2.0,-0.30030825823631324
2019-10-31,42.31628047685314,0.43397292236574486,3.0,0.9588066560109609
2019-11-01,38.319757292872424,0.41235153234893157,4.0,1.2319794032650222
2019-11-02,45.10903261744237,0.39375348507428704,5.0,-0.06375426499064825
2019-11-03,44.17672732543193,0.41113927890297475,6.0,-0.2107189790767625
2019-11-04,42.29939962891559,0.42557257792968123,0.0,-0.3290536720482161
2019-11-05,41.191141250733374,0.45061502909926365,1.0,-0.25582313424258235
2019-11-06,45.59653279928706,0.4072048684391148,2.0,0.8542398605768328
2019-11-07,44.726167797904395,0.42688103094119906,3.0,0.2310099772555139
2019-11-08,48.897625429653125,0.44270924240424714,4.0,0.2352897091698694
2019-11-09,45.080126979088455,0.38221592303883145,5.0,-1.125223510379835
2019-11-10,45.12482872419722,0.45115191383496844,6.0,-0.9674900773752345
2019-11-11,44.12755142649905,0.4074620996669824,0.0,2.14344682477698
2019-11-12,46.20922380834611,0.43838594161517047,1.0,-0.1778257252886896
2019-11-13,45.94235428743551,0.43731461537316724,2.0,-0.7747719955783602
2019-11-14,47.31435915256989,0.45470760084514994,3.0,1.4310991655892973
2019-11-15,43.88916774802028,0.4446692812686645,4.0,0.2818085486835521
2019-11-16,44.184047402722896,0.38673990445111467,5.0,0.5781549168645216
2019-11-17,44.22181356226274,0.4192250499775151,6.0,-0.1380470752815336
2019-11-18,46.88885354789909,0.43831965814262114,0.0,-0.31867309057680415
2019-11-19,48.43326507321639,0.43229087846808045,1.0,-0.16958637249729036
2019-11-20,44.65009981540559,0.4463776114205322,2.0,-1.3827381702986268
2019-11-21,44.85145852136558,0.4532476485737115,3.0,-0.08792740941989748
2019-11-22,46.46430762931401,0.4502642728238317,4.0,0.29603307704261733
2019-11-23,45.481660309216316,0.43444465987906944,5.0,1.8504632338437539
2019-11-24,48.01616400195391,0.40243833914266974,6.0,0.0859990650052155
2019-11-25,41.749178549154266,0.43089037502290367,0.0,-2.334177042210305
2019-11-26,44.7417617748028,0.44896228359769974,1.0,-0.09398543278462142
2019-11-27,44.97449897551513,0.4194608962188317,2.0,2.739504133108306
2019-11-28,42.0444586530753,0.4545302565071934,3.0,0.8663662349850397
2019-11-29,44.90536980857782,0.46070754848502865,4.0,-0.8108889438085887
2019-11-30,45.15140471052567,0.44571194270052,5.0,0.5911065144305567
2019-12-01,46.7301288714889,0.3825339264832759,6.0,-0.7420134248897403
2019-12-02,49.51039850394296,0.41888267719020833,0.0,-1.3538075195468575
2019-12-03,46.94793712185755,0.4828031482504867,1.0,-0.3483693632340722
2019-12-04,45.53144127900061,0.43478352985371815,2.0,0.09152643923886121
2019-12-05,47.63554353191487,0.4066663418866264,3.0,-1.8721555024333958
2019-12-06,50.005511952298995,0.47168907475033245,4.0,-1.1491592905386359
2019-12-07,46.11424157974227,0.4478861594499211,5.0,0.010335563182354726
2019-12-08,46.40524018136721,0.47035277803312275,6.0,-0.40817317598895414
2019-12-09,49.504908300556814,0.4544280623932762,0.0,0.39481127114609077
2019-12-10,48.10730138725072,0.45869499224805294,1.0,-1.2146683273085614
2019-12-11,50.00900181044889,0.45741891511302046,2.0,0.7141137485533007
2019-12-12,48.851445674436526,0.4647434170320708,3.0,-1.183759097060195
2019-12-13,50.447773536398344,0.49697718039969335,4.0,1.64273430193763
2019-12-14,47.14094898567329,0.4714836187826758,5.0,-1.7157582843783166
2019-12-15,49.35449843310944,0.421091626341502,6.0,-1.0925542703834126
2019-12-16,49.125705062599295,0.4622665636389114,0.0,0.4173708030318292
2019-12-17,47.28452647047115,0.4767978693303183,1.0,1.6642332514976381
2019-12-18,46.759332317219,0.47865719073389756,2.0,0.31504303611617074
2019-12-19,51.42847341669814,0.4467059955769132,3.0,0.5628579201823911
2019-12-20,49.52641531624292,0.4791719047767784,4.0,0.01753690167305848
2019-12-21,48.35571202081258,0.4750627844989606,5.0,-1.0263984541151934
2019-12-22,50.380424970052836,0.5085932058822518,6.0,-0.4901383482393793
2019-12-23,53.00183839694468,0.44277774305280754,0.0,-1.2119097199812767
2019-12-24,46.35780008018698,0.44826468688468996,1.0,-1.2787099677768716
2019-12-25,48.09988026643792,0.45292523807841994,2.0,0.40174891931974643
2019-12-26,49.421622840147805,0.4498780966817642,3.0,-1.1231779820879617
2019-12-27,54.36429704765348,0.4425170453221882,4.0,0.3195540067233614
2019-12-28,52.1819116025773,0.4056988708389061,5.0,-1.3018227522210977
2019-12-29,53.32637431662642,0.4528933121128389,6.0,0.29638302011675466
2019-12-30,49.68657315663118,0.46960938341622027,0.0,-0.4886825689629625
2019-12-31,49.903080402186305,0.4529927059470246,1.0,1.4066155336506445
2020-01-01,53.21308775090575,0.5021996871626457,2.0,0.32371889557906497
2020-01-02,52.60931714406416,0.46439450038130137,3.0,1.2357828929941415
2020-01-03,53.76550327776522,0.4905824858655875,4.0,-0.7556467164251925
2020-01-04,52.46783881735974,0.4706252336514248,5.0,0.056143340244167284
2020-01-05,53.57447045109119,0.48255989222961115,6.0,-0.9810871581162783
2020-01-06,53.50921949051802,0.4722514977453379,0.0,-0.4136052427444181
2020-01-07,54.92305968915211,0.4946772799396586,1.0,-0.2621042227446291
2020-01-08,55.15577955256502,0.46905529493915593,2.0,-0.7258582206871392
2020-01-09,50.47590087520626,0.4784938427332043,3.0,-1.215502858845695
2020-01-10,49.39458284199285,0.47653300787935005,4.0,-1.4135173236526528
2020-01-11,56.06562858632414,0.46407556067872346,5.0,-2.339748115707397
2020-01-12,56.610098237337276,0.478575836854684,6.0,-1.0563464635034578
2020-01-13,52.365354515215074,0.5157988360350647,0.0,0.6274938966718445
2020-01-14,50.85827447568056,0.4663380929041229,1.0,-1.598498532013283
2020-01-15,54.946702063978655,0.4807702502380174,2.0,-1.368122846253305
2020-01-16,56.780288768942306,0.49817145203326185,3.0,1.790898571232915
2020-01-17,58.68302458846365,0.4964558592696793,4.0,-0.636496049848254
2020-01-18,56.28884804443756,0.4745200426401016,5.0,0.3210460091648358
2020-01-19,54.68038202799468,0.42725286086148767,6.0,0.6423171465004947
2020-01-20,53.8042131515317,0.48588961192852487,0.0,0.6625261297812802
2020-01-21,55.779083960234814,0.4318009910180151,1.0,-1.5223142306080597
2020-01-22,55.32235879812018,0.5062241414442215,2.0,-0.23105967989949022
2020-01-23,54.054411204750686,0.48084979488418267,3.0,-1.6182272695183921
2020-01-24,60.344621554638834,0.49808871849267783,4.0,2.4463178589103234
2020-01-25,59.97886748985478,0.4606879359665377,5.0,-1.5948752640156
2020-01-26,58.840858790059414,0.4483149298990783,6.0,-1.0478402188698202
2020-01-27,54.88605512988606,0.48521508768282334,0.0,-1.0406008548415047
2020-01-28,58.59550666917326,0.4799628518357978,1.0,-1.4966604767228804
2020-01-29,58.321104734373506,0.47143902474669797,2.0,1.3525939097565454
2020-01-30,58.0819534590898,0.4835979875194172,3.0,2.422447901083496
2020-01-31,59.84978444838573,0.5378884003803277,4.0,-0.4757491193126174
2020-02-01,58.77332474011661,0.49986511412198437,5.0,-1.32042314684441
2020-02-02,59.13323216531178,0.5047994959267902,6.0,-2.236925498726021
2020-02-03,59.07608650434963,0.5013231822755115,0.0,-0.24410871852210148
2020-02-04,58.63133277307722,0.5146686079564089,1.0,-0.31636542316144384
2020-02-05,54.528366732054224,0.4819128522562708,2.0,-0.6512961263601446
2020-02-06,58.40699092110514,0.4452539801957005,3.0,0.2213752539762284
2020-02-07,57.26980358683002,0.48321240432400675,4.0,0.3951731428154863
2020-02-08,55.96318202396645,0.5038537618189777,5.0,0.32308325793790066
2020-02-09,62.02537056428015,0.4688579603516668,6.0,-0.3161248719684872
2020-02-10,62.256758135117636,0.4853615698791023,0.0,-1.101621829574262
2020-02-11,61.65235585856009,0.47568841466376327,1.0,0.6658330978067158
2020-02-12,59.57756666692818,0.5201993151955928,2.0,0.012513759421530454
2020-02-13,61.89965468420301,0.505782791101782,3.0,0.8883575248346502
2020-02-14,59.35177689058318,0.5044593838414506,4.0,0.7900755494722314
2020-02-15,59.86049528462949,0.5044955183259114,5.0,-1.4217620690471156
2020-02-16,57.39311554538584,0.49195342764737016,6.0,-1.4342222074576032
2020-02-17,60.497089658623466,0.4972844589838834,0.0,-0.7555407187405284
2020-02-18,59.94478335632996,0.4702645623576076,1.0,-1.056265408290668
2020-02-19,57.3374325163125,0.45087433502816326,2.0,0.7552517759761007
2020-02-20,59.956854337342904,0.4982397178449957,3.0,0.35130967598791774
2020-02-21,60.01405422049085,0.5023528209984588,4.0,1.0991839937853107
2020-02-22,63.88062052653672,0.520693227876444,5.0,0.3964868174109183
2020-02-23,62.18359751030887,0.5285695734645045,6.0,0.20864958187336902
2020-02-24,60.525390648818586,0.5291777474777567,0.0,1.1997297803441704
2020-02-25,61.10502870173928,0.47845222654682085,1.0,0.4697273397350485
2020-02-26,60.79842838447063,0.4920023183486237,2.0,0.0681009634377188
2020-02-27,60.40429099247968,0.5092892256001673,3.0,1.4804530339306854
2020-02-28,58.7429169631555,0.5509555538723038,4.0,0.11518088315279006
2020-02-29,60.70082906482333,0.5305543650266592,5.0,-0.30434060491792164
2020-03-01,59.60337957738951,0.5239752448272692,6.0,-0.8378232587776496
2020-03-02,58.68504358056078,0.49446646311123643,0.0,0.7030254590454112
2020-03-03,62.295646394823216,0.4851931502340404,1.0,1.2370505418424689
2020-03-04,62.14066473676042,0.5192702211597283,2.0,-0.05058740143343007
2020-03-05,57.86703336249424,0.4821137588422969,3.0,1.3079156237798386
2020-03-06,61.2747489453417,0.4999931777422987,4.0,-1.970015031971576
2020-03-07,63.58852502681033,0.503101266416787,5.0,-0.0554533748079148
2020-03-08,63.78988608980471,0.5378899878142022,6.0,-0.04009491210443619
2020-03-09,63.794719896270145,0.49957272060747315,0.0,-0.726994372407347
2020-03-10,61.889751186102814,0.45851659453013494,1.0,2.383861037981873
2020-03-11,60.18796417197349,0.5180254008897572,2.0,-0.06619263268876116
2020-03-12,59.77402006755998,0.49459099150935004,3.0,-0.4077307716044333
2020-03-13,62.69120542980388,0.5100589696951041,4.0,0.02596211343350502
2020-03-14,62.81833158088822,0.5081071758244274,5.0,-2.0028137385258296
2020-03-15,64.68939144151014,0.5050021105598351,6.0,-0.7598679253449151
2020-03-16,64.36681269496273,0.5269179227468052,0.0,0.9832399694454041
2020-03-17,61.95167222221635,0.4810887341789776,1.0,-0.6289453549327747
2020-03-18,59.7741322226981,0.5020406678818652,2.0,-0.8288751628002715
2020-03-19,61.66787072278178,0.5266966312782206,3.0,1.3095256365144003
2020-03-20,62.781199772931586,0.5013690981439063,4.0,1.340254400951829
2020-03-21,61.980326783365854,0.4821095801003148,5.0,0.5169904721611418
2020-03-22,61.263553125968784,0.5282917417857697,6.0,-0.4551173340386673
2020-03-23,62.95704183165744,0.5380174481643863,0.0,-0.23947106511632352
2020-03-24,61.47236184900469,0.5152905720376161,1.0,-0.804149961574959
2020-03-25,61.250216910855556,0.4776084848560062,2.0,-0.9947731190286448
2020-03-26,63.15238632484798,0.5315797123942938,3.0,-1.0444164883084324
2020-03-27,61.74568099168957,0.4848974804668443,4.0,-0.6180544067852075
2020-03-28,63.055109302689054,0.524906144267122,5.0,-1.034720990684745
2020-03-29,63.12758765408528,0.5016158028702362,6.0,-1.563705118543149
2020-03-30,60.313642110213685,0.49680321428466073,0.0,0.21940266975390574
2020-03-31,61.63837737524268,0.5117967202933269,1.0,0.23459558089343707
2020-04-01,65.48181048354404,0.517603890141296,2.0,1.7007927584283167
2020-04-02,60.28453137060261,0.5090205968970329,3.0,-0.6683383683547026
2020-04-03,58.37485232163092,0.5343137481039856,4.0,0.29610058962327057
2020-04-04,58.880979865238324,0.5142532156054265,5.0,0.31271257927480167
2020-04-05,62.65643912085488,0.5434133412429603,6.0,-0.2538375611255331
2020-04-06,62.65064579582932,0.530067907757314,0.0,0.7443335887496761
2020-04-07,62.341228225553564,0.5111282209474389,1.0,0.7752291868507144
2020-04-08,64.98951957910258,0.50839548803764,2.0,0.32741109519753997
2020-04-09,57.1972178054747,0.4933992803682576,3.0,-0.25563970504779554
2020-04-10,63.31356428610569,0.5327987905414634,4.0,-0.35753010855453504
2020-04-11,65.62045314134069,0.5205272966740205,5.0,-1.3677538987970592
2020-04-12,60.21497383128624,0.4808100576926979,6.0,-0.8059177786176916
2020-04-13,61.680968337319555,0.5181745914335009,0.0,-0.6220075239016879
2020-04-14,60.90194071948549,0.5115031289387104,1.0,-1.123971762429434
2020-04-15,60.58328352492921,0.5616722820021434,2.0,0.43992396668766426
2020-04-16,61.68082207416281,0.4967380785557846,3.0,1.19662786898701
2020-04-17,65.14681891015336,0.5026015554338904,4.0,-0.9080624323291501
2020-04-18,65.92226898116547,0.554262884925606,5.0,0.28344143574463715
2020-04-19,61.52842357971623,0.559833675847692,6.0,-1.0341111395297102
2020-04-20,65.96040289491732,0.5184336745588205,0.0,-0.30492217093916213
2020-04-21,62.16860565771472,0.5213265375120758,1.0,-0.6903295791777758
2020-04-22,65.54921138937236,0.5469278825342409,2.0,0.6018956486064415
2020-04-23,61.79683248726329,0.4886960992991891,3.0,-0.6787881738421783
2020-04-24,62.184387953388296,0.4986491421829047,4.0,1.0116604137066467
2020-04-25,62.58932488841929,0.5308932684909222,5.0,-0.24572077366219902
2020-04-26,68.14946794539152,0.5681406684654396,6.0,-0.6496037095948308
2020-04-27,63.425018061825305,0.529063176014443,0.0,-1.253305262345163
2020-04-28,60.23592733950965,0.5404314342474016,1.0,0.2532045102953498
2020-04-29,63.513807062084744,0.5617234044988992,2.0,0.8952184022261802
2020-04-30,60.774869663979366,0.5818202343481026,3.0,0.2733212565368742
2020-05-01,60.439150122878104,0.5287804908544941,4.0,2.238831666414424
2020-05-02,63.15338590504524,0.5406156464777124,5.0,1.4297874524704182
2020-05-03,61.31332938097709,0.5780284060141585,6.0,-0.3075277647170156
2020-05-04,61.72075351366534,0.5117782367183937,0.0,-0.31802743380706927
2020-05-05,61.10151095220267,0.5634087642682193,1.0,0.4696967194853532
2020-05-06,61.65416855791029,0.5231257528448383,2.0,-0.8380191804256851
2020-05-07,61.735947229966385,0.5461764314690473,3.0,1.1662883065324867
2020-05-08,56.914675121608134,0.5399095238138993,4.0,0.3616005218435837
2020-05-09,62.02195810202935,0.5262365933828008,5.0,0.2564589108585328
2020-05-10,58.622618441285276,0.5263697074785805,6.0,0.6869536677708163
2020-05-11,57.59757547588492,0.5521949539517417,0.0,1.722829883369059
2020-05-12,60.258571576696,0.5672123738648409,1.0,0.17095535218750518
2020-05-13,60.434312821631536,0.5453417838727379,2.0,-0.11304037087138435
2020-05-14,58.76806492219854,0.5499736917460929,3.0,1.5087196233225784
2020-05-15,61.70367100223257,0.5606298305321702,4.0,0.9675504159911353
2020-05-16,57.241625153224156,0.5304088943810106,5.0,-0.3209798403837223
2020-05-17,58.99432955590762,0.5652700406444489,6.0,0.005186448659020086
2020-05-18,58.51861955455934,0.5674979730523061,0.0,0.19538091593879858
2020-05-19,59.473289712821646,0.60381855772104,1.0,0.36181294460498287
2020-05-20,60.00027197333458,0.5448588685697607,2.0,-1.356599850939114
2020-05-21,57.30085703792314,0.5438542369825105,3.0,-1.5424846078015602
2020-05-22,60.63736645553207,0.5690301110822685,4.0,-0.8873900220024538
2020-05-23,59.18506145405631,0.570667797663957,5.0,-0.9647384430113423
2020-05-24,55.143556667612636,0.5442188918531007,6.0,-0.6438240139725026
2020-05-25,54.87683552923296,0.5474923020169546,0.0,0.6347106420900043
2020-05-26,58.63416631801847,0.567013092954837,1.0,-0.16892915632473834
2020-05-27,58.07991502759752,0.5402737120107035,2.0,0.19639460501018827
2020-05-28,58.1763539842541,0.5492496377000171,3.0,-1.2243034100422616
2020-05-29,58.18691566282229,0.5598870934426068,4.0,-0.46164220292094515
2020-05-30,58.55207095429048,0.5786489324266039,5.0,0.5872576617448404
2020-05-31,59.85274852668052,0.5472731070414886,6.0,0.5949524581768018
2020-06-01,55.590208332622645,0.5231523107593866,0.0,-0.7245738281879079
2020-06-02,55.321958488459934,0.5223029712845564,1.0,0.1616623863795536
2020-06-03,55.33129656731307,0.5360815799357186,2.0,2.198847853482332
2020-06-04,57.94642407894581,0.5356414075407632,3.0,-0.017597929255638137
2020-06-05,59.70778101349626,0.5594474673672843,4.0,-0.6931869461424454
2020-06-06,56.20319753908953,0.5393970001026511,5.0,-0.17376238936216024
2020-06-07,51.909207518884514,0.5497544246130996,6.0,0.09217710752683304
2020-06-08,53.35013926356615,0.5489627267448034,0.0,-0.1511683806905494
2020-06-09,54.936403031844456,0.5562692078624052,1.0,-0.03135470067650179
2020-06-10,55.33025096087867,0.5921643723447482,2.0,-1.4434467969368396
2020-06-11,55.47109190394391,0.5795881581378167,3.0,-0.9626304750859512
2020-06-12,56.20616770312778,0.5673067152896472,4.0,-0.14933523707149754
2020-06-13,55.34567298580862,0.5583985220074308,5.0,-0.1652679700224367
2020-06-14,57.90707725509156,0.5595893151215078,6.0,-0.5661892748600006
2020-06-15,54.29471658507387,0.5754438182879279,0.0,-0.17701358607643694
2020-06-16,53.759638055948045,0.5812071909908554,1.0,0.06101485541420536
2020-06-17,56.27876653264393,0.5520063800367182,2.0,0.8894134565245253
2020-06-18,52.085740816422145,0.5715232659059354,3.0,-0.09921173522605088
2020-06-19,55.771735422180825,0.5307961800553108,4.0,0.3991032052982532
2020-06-20,55.03215272570578,0.576297767746904,5.0,-0.541600301433921
2020-06-21,54.36627294091135,0.5879413975375865,6.0,0.5720957235984819
2020-06-22,57.67128901035037,0.5677319607957159,0.0,0.3757302976123567
2020-06-23,53.08341834845059,0.6102987938910561,1.0,0.8658170031798195
2020-06-24,58.28109398858986,0.5569784056544536,2.0,0.7134604624444878
2020-06-25,53.54191764895123,0.5795869035441604,3.0,0.5887356228811461
2020-06-26,51.270699687596625,0.5751565209396967,4.0,-0.09841740865778026
2020-06-27,53.79624363686398,0.5745019831590683,5.0,0.24493922704446816
2020-06-28,51.33535665873466,0.5748564137827622,6.0,1.0635089284515264
2020-06-29,51.815599523307206,0.5799198783779671,0.0,-0.6520745694027944
2020-06-30,53.94431449436582,0.5953718732819724,1.0,-0.6284077786968656
2020-07-01,54.09247224142524,0.606602343773114,2.0,0.18143139795036198
2020-07-02,51.568007329017284,0.5796375347924565,3.0,0.41527969026545347
2020-07-03,54.61821318940877,0.596623781760893,4.0,-0.8241064992640045
2020-07-04,54.78955509075889,0.5669170420270453,5.0,-0.07476256341330836
2020-07-05,55.17840724740518,0.5969064106418263,6.0,-0.09399877422878479
2020-07-06,53.19607313302792,0.5669823917456824,0.0,-2.2152801156034707
2020-07-07,54.69577564028512,0.6046703415789055,1.0,-0.21959398925875973
2020-07-08,48.039273390295264,0.6277048810399283,2.0,-0.1573178328484663
2020-07-09,50.99734004885217,0.5816853063675563,3.0,-0.16029294282301915
2020-07-10,49.73180704196392,0.5409110349457567,4.0,1.4159142745772682
2020-07-11,51.537365719853746,0.5744353667319289,5.0,-1.2157982985088753
2020-07-12,49.98959443450965,0.610669248717532,6.0,-0.8246225712046127
2020-07-13,50.6342887514981,0.5977282024071716,0.0,-2.612195798319334
2020-07-14,54.56564854251808,0.5922798592750879,1.0,-0.4809166661741407
2020-07-15,50.297186244535666,0.6081098750556048,2.0,-0.39564355412600094
2020-07-16,51.30021997242823,0.598260497356397,3.0,-0.5099771763342562
2020-07-17,49.84483815890321,0.6135608529553719,4.0,1.10767733948376
2020-07-18,50.29832617312786,0.6082297433742095,5.0,0.8606175223369632
2020-07-19,49.997286120518204,0.6209101995309296,6.0,0.07785672426730414
2020-07-20,50.7211332781436,0.5982870327892362,0.0,-0.37061305353986224
2020-07-21,51.9952604075792,0.609851219775911,1.0,1.0261896681068639
2020-07-22,52.800569630404084,0.5862384109192367,2.0,-0.01975785983585163
2020-07-23,49.96718222160005,0.5809866567846929,3.0,-0.8182700389184578
2020-07-24,50.37026808828553,0.6277861464591731,4.0,-1.7162486774845516
2020-07-25,46.73379678649278,0.5986098078121681,5.0,-0.44131449389568267
2020-07-26,48.70529010161573,0.6110182462378826,6.0,0.7546436171726086
2020-07-27,50.60835330784943,0.5980303558437833,0.0,2.2765386895430897
2020-07-28,50.30770181428173,0.5844601631720768,1.0,0.06161034618947592
2020-07-29,48.848279514632495,0.5970450546770448,2.0,-0.7653555151203043
2020-07-30,50.048494429698856,0.6261801978156718,3.0,-1.184965208284214
2020-07-31,49.10928253737693,0.6092000395808266,4.0,0.5519548963055988
2020-08-01,50.38184517571169,0.5645006955355496,5.0,-1.7646160523842684
2020-08-02,48.41491980058111,0.5950601902335563,6.0,0.5503451014048882
2020-08-03,46.98130288723861,0.6356458758540943,0.0,0.8177116062629123
2020-08-04,48.22245273163413,0.5963589833979215,1.0,0.43627945323286405
2020-08-05,41.54926783054188,0.5652602674351577,2.0,-0.21966167193855743
2020-08-06,48.037572603250666,0.6397657396132128,3.0,0.5649406535468146
2020-08-07,39.83802023934412,0.6161875327359383,4.0,0.17093837112829996
2020-08-08,43.55270556881296,0.6017743459983471,5.0,-0.7781238418605918
2020-08-09,47.76973882129632,0.5963811690878824,6.0,1.8504123223750257
2020-08-10,47.689652750797485,0.6260914830402792,0.0,-0.3516793796105163
2020-08-11,44.279992132751325,0.5942396970748413,1.0,0.7757523004499094
2020-08-12,45.05280377272269,0.6286794142046055,2.0,-2.4186142826957147
2020-08-13,49.09218936683896,0.6171931120636914,3.0,1.276470882780929
2020-08-14,45.25912627700513,0.611877765493874,4.0,1.4687637446545818
2020-08-15,50.591123594031444,0.6105293437257595,5.0,0.029833787126638218
2020-08-16,45.98159403384538,0.6047546075196847,6.0,0.5587710347377585
2020-08-17,46.68374766144738,0.6298016912930743,0.0,0.5585151816075627
2020-08-18,48.98579230375141,0.5922169528817729,1.0,-0.6427835696407243
2020-08-19,45.900627774694534,0.5777202276221259,2.0,0.5471223054393403
2020-08-20,43.52261201726657,0.6230824532515002,3.0,-0.8086304698725554
2020-08-21,45.198801825848854,0.6240533379899144,4.0,-0.6087569236453261
2020-08-22,45.24025557426686,0.6216683151137274,5.0,1.1269431432122987
2020-08-23,42.47751020830178,0.6208529800907735,6.0,0.9746576907002027
2020-08-24,44.59317388615889,0.6069225257665823,0.0,-0.7063755021157926
2020-08-25,43.520657618636974,0.6297179080559644,1.0,-0.7335763435010406
2020-08-26,46.756350872931584,0.6136920120680838,2.0,-0.6455966024576721
2020-08-27,44.88187223732189,0.6054958240217917,3.0,0.7326395664654908
2020-08-28,44.15451878688358,0.6096351896279079,4.0,-0.9999847808103971
2020-08-29,44.41768524776389,0.6569207304834532,5.0,0.3567126390359526
2020-08-30,44.988736625028345,0.5824433355019485,6.0,0.7468468106342946
2020-08-31,45.69109600776933,0.6277735398636938,0.0,-0.08824545029310012
2020-09-01,42.37557584763152,0.5848304898602241,1.0,1.0100636968649277
2020-09-02,42.21194079026019,0.6168829522811596,2.0,-0.30431016948979245
2020-09-03,46.427197902922835,0.611009989979456,3.0,-0.2138556009939144
2020-09-04,43.31852064982876,0.5786168943838628,4.0,-0.9772462311318565
2020-09-05,41.23751969632133,0.6287331327610561,5.0,1.0171773476202053
2020-09-06,44.88951562576055,0.6139865403434577,6.0,-0.7665204469788703
2020-09-07,44.86201446258255,0.5802380953709974,0.0,0.3497718177150592
2020-09-08,40.80994797784137,0.6396485046726279,1.0,-0.07131606712593476
2020-09-09,44.26918443800774,0.6521921870518422,2.0,-1.0527830631116626
2020-09-10,45.222987642537355,0.6539294709729155,3.0,-0.6091031438233208
2020-09-11,44.44497099331785,0.6319410335749341,4.0,1.382872239040734
2020-09-12,44.90733129438521,0.6263179881683677,5.0,0.20165754263448052
2020-09-13,40.78481056767278,0.652594878449662,6.0,-1.009150341366842
2020-09-14,44.20823547345276,0.6603143383734686,0.0,0.30532828734869183
2020-09-15,42.89656293192556,0.6499729613590998,1.0,-0.1461140315945451
2020-09-16,42.49472439199261,0.6091057558919118,2.0,3.4540464022441815
2020-09-17,45.16278639540599,0.632598325635727,3.0,0.2851238413422724
2020-09-18,46.34447526105653,0.6379966720921778,4.0,-0.3806248470663645
2020-09-19,46.941809541952175,0.5936489304629253,5.0,1.4200279177871042
2020-09-20,45.95273117559294,0.6398634036686061,6.0,-1.8410361672928455
2020-09-21,43.076605692656884,0.6765709476306988,0.0,0.09432015638109745
2020-09-22,43.977394582459446,0.6445447550620476,1.0,1.9944284946810726
2020-09-23,44.784409865538706,0.6618492140097875,2.0,-0.11619928435975406
2020-09-24,43.474866771004145,0.6366741676184471,3.0,-1.7333010446480788
2020-09-25,43.478729233070084,0.6321864271711173,4.0,-0.39591796441059773
2020-09-26,44.85234581763923,0.6419111420873337,5.0,1.4545180409590368
2020-09-27,43.076866273897394,0.6186041019609463,6.0,0.37606959632077114
2020-09-28,41.73040674918012,0.6162800518108678,0.0,-0.8388561095125178
2020-09-29,42.3565434424071,0.6615165673338635,1.0,-0.685242807179024
2020-09-30,44.452781153047084,0.6642722436827272,2.0,-0.5597002711498134
2020-10-01,43.1933807723396,0.6176381911485705,3.0,0.36119788405399617
2020-10-02,43.873211124413956,0.6574552141863154,4.0,1.3381961329386531
2020-10-03,44.54130916565834,0.6369909592180383,5.0,1.052423012799171
2020-10-04,42.46278825947453,0.646161250854888,6.0,0.45601218210912847
2020-10-05,44.73924659617806,0.6492043727887012,0.0,-1.3316447600574832
2020-10-06,44.0016698486196,0.660521929997407,1.0,-1.3279325139934413
2020-10-07,40.79454396358673,0.6429242053071051,2.0,0.5332520212137634
2020-10-08,46.171911297716974,0.6701080018108005,3.0,-1.3454710979328943
2020-10-09,42.31188397431106,0.648727939334881,4.0,-0.22556702106860427
2020-10-10,40.032187905562786,0.6556582886239938,5.0,0.304150446186177
2020-10-11,41.284222032354094,0.6271442719787789,6.0,-1.1375939953626888
2020-10-12,41.36706719814948,0.6876176246585411,0.0,-1.0242623343588635
2020-10-13,43.551260047655326,0.6544758635434643,1.0,-0.09412106456781866
2020-10-14,42.93986586575475,0.6599742342211876,2.0,0.5036502875240538
2020-10-15,42.85744287794978,0.6141854901249755,3.0,1.0615187704137568
2020-10-16,44.81692518933704,0.6305300865225449,4.0,0.6070534347705518
2020-10-17,44.30654812175764,0.6723767213774222,5.0,0.07365659499219453
2020-10-18,44.31101731663936,0.6539917906198204,6.0,-0.7461947535570493
2020-10-19,44.5535361961503,0.6106132941923104,0.0,-1.0709069958445192
2020-10-20,45.0239245093521,0.6702896081034859,1.0,-0.5108770883291476
2020-10-21,39.63632638781981,0.6392830740716757,2.0,0.40993558498056715
2020-10-22,43.186719461210075,0.6790199905111851,3.0,0.33662370662734287
2020-10-23,39.62130589237195,0.6496718578564975,4.0,-2.0999019857251224
2020-10-24,44.1227244367467,0.6561576257839026,5.0,-0.785677028267503
2020-10-25,44.11294623719004,0.6762775042702457,6.0,1.2045075516061559
2020-10-26,46.28759308821966,0.6353834739162401,0.0,0.07921504780413943
2020-10-27,46.64880135876108,0.6341113178115751,1.0,-1.417008913102986
2020-10-28,44.75875250492511,0.6506732061952125,2.0,2.3558211815981513
2020-10-29,43.434793221963034,0.6717815512305197,3.0,-0.028941732314764643
2020-10-30,45.49077025301411,0.6292554708207461,4.0,0.38433395931340797
2020-10-31,43.55214086059509,0.6231472445101546,5.0,0.3995247560451345
2020-11-01,44.69528940006955,0.673617275683733,6.0,-0.36759546616018607
2020-11-02,46.762990607535144,0.6457182115264377,0.0,-0.7275736818213943
2020-11-03,43.770336743739875,0.6505681781542928,1.0,2.1216749850659404
2020-11-04,46.594889110065026,0.6219114110088156,2.0,1.0032058696177506
2020-11-05,46.438449902773144,0.6461029533955001,3.0,0.8219372011086765
2020-11-06,43.27661307725203,0.6601661143848373,4.0,0.5762891917182107
2020-11-07,47.23893927944994,0.6795599381048388,5.0,-1.0033173903616845
2020-11-08,46.79561263111174,0.6461626982626089,6.0,1.2775301917402737
2020-11-09,45.712004375148666,0.6953697446268722,0.0,-0.8431326580117493
2020-11-10,44.09549052939102,0.6491660223735468,1.0,0.2832867981506457
2020-11-11,44.01599019552356,0.64983022746036,2.0,-1.6393899054645689
2020-11-12,44.77558888986333,0.6948741351649401,3.0,-2.0408588506475196
2020-11-13,47.054828220753585,0.6689911078091831,4.0,0.3182912026531147
2020-11-14,44.17929340922221,0.654356330816594,5.0,-0.8090992671949081
2020-11-15,47.08861700458072,0.6629290834081342,6.0,-1.9891675712972732
2020-11-16,43.85523900506007,0.6937281382175078,0.0,0.5406095029470755
2020-11-17,46.05784309539355,0.696625643694101,1.0,2.120080771050789
2020-11-18,46.814541860501116,0.6516006443511029,2.0,1.3895602585800617
2020-11-19,51.61677125055219,0.6677227523698465,3.0,-0.2573178852656725
2020-11-20,44.1051048246412,0.6710094857597008,4.0,0.00884530669694572
2020-11-21,49.93891247328484,0.6501164676309379,5.0,0.8877062567839132
2020-11-22,47.43159829594683,0.6693624894231905,6.0,1.1221280198349068
2020-11-23,48.093130690436205,0.6712175683201451,0.0,-0.3435357188256987
2020-11-24,47.64815911589892,0.6945502213247665,1.0,0.034177715724574294
2020-11-25,48.443355663757224,0.6965294529471764,2.0,0.30061480676453645
2020-11-26,47.39069159344415,0.6664316850486929,3.0,0.5538763202788318
2020-11-27,50.75200119949268,0.6693717307735774,4.0,-0.13307644201126692
2020-11-28,47.078434567596126,0.687571560326827,5.0,-0.12008524506874427
2020-11-29,50.404916245306154,0.6632168659420947,6.0,1.3798323297543882
2020-11-30,47.00233409883067,0.6873283585903036,0.0,1.2095207024428862
2020-12-01,48.32269318655001,0.6744323464430919,1.0,0.4774105734360883
2020-12-02,46.452863478388636,0.6574374252706243,2.0,1.7191090700229286
2020-12-03,49.66184631896812,0.6583235832027245,3.0,-0.386445762226417
2020-12-04,51.798434686925155,0.7070364120158601,4.0,1.6229734486293805
2020-12-05,48.911182508504766,0.6756017291472928,5.0,0.5425154435355505
2020-12-06,48.83111797329443,0.7121721612430456,6.0,3.2710261222145895
2020-12-07,47.1558861818044,0.6697272747857018,0.0,-1.1924819267824778
2020-12-08,49.0879552336339,0.6864590246575505,1.0,-0.6893452522173416
2020-12-09,46.523515257999385,0.729123375730206,2.0,0.4187978282005477
2020-12-10,48.04700661432244,0.6607570270114963,3.0,0.3972340529789919
2020-12-11,50.49104150897555,0.6445833925416871,4.0,1.9501389841750185
2020-12-12,52.84120279443215,0.7089064058003479,5.0,-0.6683746832995339
2020-12-13,55.98825709494371,0.6672733417016623,6.0,0.9049185186938843
2020-12-14,49.36422772327435,0.6840303171623198,0.0,1.1624630046819957
2020-12-15,53.57641556334666,0.6733610008703333,1.0,0.7046478322206475
2020-12-16,51.36254343821285,0.691077541333392,2.0,-0.96099634192432
2020-12-17,50.74252307819377,0.6673384822054915,3.0,1.407758805254198
2020-12-18,52.08089440833128,0.6833853252264609,4.0,1.2293249313154138
2020-12-19,51.510883206768945,0.6966153541501783,5.0,0.5995845197903774
2020-12-20,51.779794194061814,0.668087790528483,6.0,0.20434768720895413
2020-12-21,50.91484667697634,0.6748872082959712,0.0,0.22610801004437128
2020-12-22,49.10831152137854,0.6825761528518389,1.0,-0.07873579223937772
2020-12-23,48.99075552461684,0.6615824214742047,2.0,0.6407851342526418
2020-12-24,53.55837757153718,0.6823424311376758,3.0,0.031134852944977556
2020-12-25,51.872725702497064,0.6938045022266295,4.0,-0.8485249753526413
2020-12-26,51.40849167363065,0.6840725132317235,5.0,-1.048591644827592
2020-12-27,52.79247904891515,0.6872708828397782,6.0,-0.7520362536522921
2020-12-28,54.540334500265395,0.6929352999152016,0.0,0.22213224254945177
2020-12-29,53.48635303966661,0.6808533847196078,1.0,-0.026955836435207322
2020-12-30,51.988772438175594,0.7084244259205121,2.0,0.21534379328874922
2020-12-31,55.92877638748837,0.7239576577341307,3.0,0.500813133546111
2021-01-01,56.809869646886675,0.686585408029107,4.0,-0.6273209259168789
2021-01-02,54.81586910941282,0.7062119011374907,5.0,1.4656601683453478
2021-01-03,55.94923798063498,0.6923505140341643,6.0,-0.2677108270474744
2021-01-04,56.660833150539716,0.705087524678548,0.0,-0.433426984781509
2021-01-05,56.61191011224699,0.7297282890367635,1.0,0.4823862373324524
2021-01-06,55.75445342393769,0.709220809907981,2.0,-1.8365102023750728
2021-01-07,55.89718724155598,0.6642142489063461,3.0,-0.7905344497229193
2021-01-08,55.91369616941294,0.7093973729463995,4.0,0.981072798691833
2021-01-09,52.853174762310616,0.7256096558185612,5.0,-1.7374219290621107
2021-01-10,56.62231426347043,0.6971553781873395,6.0,1.1175741969331559
2021-01-11,52.68175026729042,0.7221349183445789,0.0,1.5111365663591347
2021-01-12,53.976131802721795,0.6890548320341039,1.0,-0.36945533782374834
2021-01-13,58.34380558311814,0.673781280301618,2.0,0.29181276742631007
2021-01-14,57.58780290608281,0.7069503645036369,3.0,1.1190870848510266
2021-01-15,59.052139054343144,0.6696323703469785,4.0,-0.4667891880435197
2021-01-16,55.70321693495061,0.7006014051389535,5.0,0.8677755205261815
2021-01-17,54.11048537641129,0.7317685912846561,6.0,-0.6711487951306716
2021-01-18,56.10167118575551,0.668471408551741,0.0,-0.47760229333317933
2021-01-19,56.95326714791273,0.6817116513833094,1.0,-0.7993364643249737
2021-01-20,57.07288896830368,0.6872958630332764,2.0,0.3426471991948034
2021-01-21,59.34697932213425,0.7073050313772093,3.0,1.1579690525655495
2021-01-22,56.52073632493156,0.701892013493425,4.0,-0.18411293211716429
2021-01-23,58.10990935524828,0.7378239974751916,5.0,-1.2712491599124032
2021-01-24,55.59000654557148,0.7295631570580244,6.0,-1.0827068222868157
2021-01-25,58.62812613776635,0.7210165700324831,0.0,0.3945994213705404
2021-01-26,57.892703184605736,0.7146586380329095,1.0,1.8441164133942693
2021-01-27,56.54457150273983,0.7202455479206489,2.0,0.39372499931439753
2021-01-28,57.72892334975815,0.6957762259096055,3.0,-0.38689655065125267
2021-01-29,57.98724087638139,0.7307950007219259,4.0,0.7661839668502841
2021-01-30,57.96887381435416,0.6920448291985303,5.0,-0.23949863558674636
2021-01-31,62.20399509765959,0.7316281747986796,6.0,-0.3782852173642064
2021-02-01,58.61504184681752,0.7392784055979321,0.0,-0.9584591056952636
2021-02-02,58.473211875980695,0.7204077682322378,1.0,1.4084488442463559
2021-02-03,54.91357820058288,0.7133011356461573,2.0,-2.5392079174956637
2021-02-04,57.465904446253795,0.7254665156265109,3.0,0.7978592002792693
2021-02-05,58.87233207610148,0.6608648706932246,4.0,-0.4637449377975369
2021-02-06,58.169212310905145,0.724775323099868,5.0,-0.4103407314516127
2021-02-07,62.44500928473225,0.7170979994082832,6.0,1.6923151561178125
2021-02-08,59.49059193361624,0.7189874377388602,0.0,-0.7141310922000513
2021-02-09,62.53438611071287,0.7347655708928772,1.0,-0.6800691540284102
2021-02-10,60.21605408479975,0.7197744628385467,2.0,-0.13039423891953036
2021-02-11,60.300325664789725,0.6991006247717387,3.0,0.41384738581223823
2021-02-12,60.17954170560285,0.719711629123175,4.0,-0.4418557822928694
2021-02-13,60.49399319135258,0.7245257128562196,5.0,-1.5738589305358854
2021-02-14,64.05122089566382,0.726108202041144,6.0,-0.8656981808817654
2021-02-15,56.09956699153753,0.7276828317901458,0.0,1.2813338564645194
2021-02-16,56.858745719478584,0.7458667459777362,1.0,0.07477678913551145
2021-02-17,59.89639999609907,0.7039935946536028,2.0,0.45108728370382206
2021-02-18,61.13052267258673,0.7298632154725033,3.0,-0.2614212071730376
2021-02-19,62.59818756923426,0.7527827209564918,4.0,-0.6594976961732696
2021-02-20,62.278417902989545,0.6929268176803037,5.0,1.677569449875411
2021-02-21,60.675736526216454,0.7318469018695694,6.0,-0.18819185705108066
2021-02-22,63.59198839849574,0.717181318849428,0.0,-0.44336987952712686
2021-02-23,63.721620735671266,0.7221096018343475,1.0,1.0961423663553396
2021-02-24,62.13429990341039,0.7120625800944417,2.0,-0.7223603588673853
2021-02-25,63.79404893196608,0.7274026364796419,3.0,-0.5947273437739967
2021-02-26,62.514139647665196,0.7682536837171096,4.0,0.010246684016898003
2021-02-27,60.943535463096474,0.7067748848399478,5.0,0.00027010408817970173
2021-02-28,63.55729665676735,0.7093062126488362,6.0,0.2596113479032144
2021-03-01,62.47553249458204,0.7072946419300632,0.0,2.091669089395488
2021-03-02,62.347084510646205,0.768516619700816,1.0,0.33624824635237044
2021-03-03,65.37784006883744,0.7253563804927489,2.0,-2.3780539627508004
2021-03-04,57.61512131854394,0.7347253140311417,3.0,0.3262989434315609
2021-03-05,59.76381020364142,0.7278173570508911,4.0,0.03787999448959883
2021-03-06,60.30470752631338,0.7176194789398748,5.0,0.04345002435145766
2021-03-07,62.02933111860303,0.7324398442105684,6.0,0.2459473093961707
2021-03-08,62.320952431210166,0.786942649892509,0.0,-0.028678287674799376
2021-03-09,59.887125073683734,0.7662541168321835,1.0,-0.052612093055389005
2021-03-10,61.0003388664084,0.7219888626917736,2.0,0.6130442097707861
2021-03-11,61.31510162959481,0.7526340217437735,3.0,-0.542080797194501
2021-03-12,68.01499606515804,0.7236870048641327,4.0,-0.9476863356391756
2021-03-13,66.76420967452762,0.7054250281754565,5.0,3.023781452622391
2021-03-14,62.395002835518746,0.7619775199405942,6.0,-0.7158574437812334
2021-03-15,62.546292796416566,0.7654240791550933,0.0,0.10014291246007646
2021-03-16,61.02717555863213,0.7637781878781009,1.0,-1.4956602508753674
2021-03-17,59.55859886755833,0.734094758507672,2.0,0.11646841505142191
2021-03-18,63.18751376633294,0.7407914694469444,3.0,-0.9332255506893351
2021-03-19,61.46911010904567,0.7597572158350672,4.0,-0.44247294285001093
2021-03-20,63.33576647871667,0.7532267461437875,5.0,1.0450646657711238
2021-03-21,60.342811734787865,0.7381589966058052,6.0,0.47200956837807373
2021-03-22,62.054122584233745,0.7142852302643035,0.0,0.5684095245748191
2021-03-23,63.90725655105346,0.7495790911844276,1.0,-1.7712048383918628
2021-03-24,64.37142668612394,0.7695167007212301,2.0,1.8368951698290128
2021-03-25,64.50002315452049,0.7246196627907454,3.0,-1.191881310941875
2021-03-26,61.047232846657195,0.7619815368398688,4.0,1.528560814293865
2021-03-27,65.41776777094927,0.7564721037439437,5.0,1.0215438659814862
2021-03-28,62.125207290258814,0.7654791557408371,6.0,0.5773327417846801
2021-03-29,65.0056255963258,0.7685506211054912,0.0,-0.8549847809083815
2021-03-30,63.72995291789061,0.7378567269075247,1.0,0.15158984481952292
2021-03-31,61.006814783547775,0.7200417643776534,2.0,-0.4709214106448598
2021-04-01,63.13259135327889,0.7423454825022154,3.0,0.029039571505291815
2021-04-02,64.49814803892889,0.7714333400013338,4.0,-0.24987225908555988
2021-04-03,64.99282213925134,0.7434456362151949,5.0,-2.0386105065724083
2021-04-04,63.48142453556467,0.7410397684434821,6.0,1.121784150984588
2021-04-05,66.8205071676338,0.7191285487170628,0.0,-0.08110715654936117
2021-04-06,65.76256294046719,0.791243427281495,1.0,-0.484800399502237
2021-04-07,63.22187186233445,0.773339669653903,2.0,-0.5603272328297677
2021-04-08,65.22011370424961,0.7728582370858128,3.0,0.3584595763667682
2021-04-09,67.56920380078712,0.7774497458308275,4.0,-0.8937563382944722
2021-04-10,67.60139589754026,0.7702643259610268,5.0,-2.2551755584740434
2021-04-11,61.20030713481871,0.7544785022614888,6.0,0.40712980320827613
2021-04-12,61.77619929748552,0.756724717917556,0.0,0.5191029979568217
2021-04-13,66.56914909309721,0.7520836333430782,1.0,-0.1996318246776329
2021-04-14,61.44989261099761,0.8139646563581413,2.0,-1.1479028751900089
2021-04-15,60.88562350923107,0.7730230025307507,3.0,0.08893554088928533
2021-04-16,62.51968798154096,0.7532636737126538,4.0,-1.4645323683135887
2021-04-17,64.29103192046368,0.7724845386579288,5.0,-1.0272305966876594
2021-04-18,63.201432375698396,0.7435921454523975,6.0,-0.7506979365041612
2021-04-19,62.0579049477155,0.794534578816229,0.0,0.8439390708915561
2021-04-20,61.96058770206953,0.7518579831632223,1.0,-0.3626109504369171
2021-04-21,61.831508733650224,0.775735994366735,2.0,-0.4478664117764606
2021-04-22,61.441540237382455,0.7876687589440691,3.0,1.9546925154112462
2021-04-23,67.70542569985255,0.7746794978682269,4.0,0.3524624971887139
2021-04-24,63.67602460239728,0.7695084474554404,5.0,0.33899451047482604
2021-04-25,64.79062421067327,0.7684700099510886,6.0,-0.3697007452087749
2021-04-26,61.97233580914877,0.7677600669511467,0.0,-0.5963716676367777
2021-04-27,62.509263716493805,0.7579898397452595,1.0,-2.1864064400171506
2021-04-28,61.38207859540202,0.7611690615633361,2.0,0.9687405319235582
2021-04-29,57.431124810424784,0.8003854582666695,3.0,0.44830970575637913
2021-04-30,59.901246343182486,0.7692578387748683,4.0,-0.17916599321341334
2021-05-01,58.956143287449905,0.7563475666758367,5.0,-0.13722670183625574
2021-05-02,57.99534578808795,0.7623724607611825,6.0,0.7361442622610551
2021-05-03,60.01917041556872,0.7953407469472777,0.0,-1.554710073079853
2021-05-04,64.97224320213518,0.7874803866315435,1.0,-0.5898813315538055
2021-05-05,62.143398331793534,0.7858097581678197,2.0,-1.1363028628925305
2021-05-06,64.72085998807192,0.7700876712598994,3.0,1.7715092824867462
2021-05-07,62.866710747625994,0.7873402652764747,4.0,0.8756555318533007
2021-05-08,63.51245679717946,0.7636367140089235,5.0,-2.2026926411353642
2021-05-09,60.04574893293129,0.7719505765159417,6.0,-1.5137616266399756
2021-05-10,62.793289348061364,0.7971738675256127,0.0,-0.1323456733574863
2021-05-11,63.09833237388259,0.7958982519910798,1.0,-0.4724402120724247
2021-05-12,60.38082963867613,0.7594094221286031,2.0,-1.3243822080768883
2021-05-13,62.54416171496512,0.7625720106243681,3.0,1.9447622376504894
2021-05-14,62.446182927222935,0.7824915033737285,4.0,0.3125399139825792
2021-05-15,60.10123220336663,0.8154750284457711,5.0,0.4748163228630915
2021-05-16,58.839168780154125,0.7432759982979217,6.0,-0.6920149492322138
2021-05-17,58.598690548386344,0.7877888810136323,0.0,0.7222741471780024
2021-05-18,61.02010906699841,0.7553362762256799,1.0,-0.3804327609820118
2021-05-19,61.379214149809115,0.7708054436215526,2.0,-0.2833431737074994
2021-05-20,59.01622190185443,0.7768384157656993,3.0,0.6110019598252598
2021-05-21,60.52854377855258,0.7763517378931669,4.0,-1.6289975650602997
2021-05-22,61.48860533162675,0.7747209066036412,5.0,1.5970278598509826
2021-05-23,61.454168305447666,0.7861758872392735,6.0,0.1823892147238758
2021-05-24,63.18993957321159,0.7759615553340551,0.0,1.2809442087804244
2021-05-25,62.50671023315325,0.7580524396045042,1.0,-1.0754197566188184
2021-05-26,57.814952197094186,0.8035339001869635,2.0,-0.9231651240281931
2021-05-27,63.04775224097645,0.8036288719144062,3.0,-1.1619002215998122
2021-05-28,58.4799713610221,0.8060698354068027,4.0,0.2502976726648389
2021-05-29,61.49135635952174,0.7590265799159881,5.0,0.06598330191824608
2021-05-30,59.39565468610248,0.7964545535278734,6.0,-0.4644118192311805
2021-05-31,58.29188070880015,0.8046306882272496,0.0,-1.0140691928852794
2021-06-01,55.35575457363806,0.77112199037724,1.0,-1.2665962697308424
2021-06-02,58.48150281255897,0.792564417344595,2.0,-0.04848390047065598
2021-06-03,55.55790797120676,0.7906905401096658,3.0,-0.4655867795886001
2021-06-04,60.461919375024124,0.8304938068221589,4.0,-0.6856069923582623
2021-06-05,61.41020172921205,0.8327756350259657,5.0,1.5470894861316096
2021-06-06,56.630784595705364,0.7616335070540309,6.0,-0.08232567819273391
2021-06-07,58.67527885097253,0.8454340956701154,0.0,1.2700429339269252
2021-06-08,56.466072103501105,0.7778859617674098,1.0,-0.5332521826826966
2021-06-09,56.50423717589307,0.8164388627119453,2.0,0.24477628379865687
2021-06-10,59.15342830233002,0.8168702770775921,3.0,-0.055476016256334894
2021-06-11,57.36952279349668,0.778181433558402,4.0,-1.6976223095181227
2021-06-12,60.767031699758114,0.8085955146069407,5.0,1.4283383062639128
2021-06-13,56.16343084877782,0.7972144044797581,6.0,-0.13515360703241588
2021-06-14,58.96580085768388,0.8110866000926479,0.0,0.7464182196329605
2021-06-15,57.00030818108233,0.8052483666825331,1.0,-0.7520287224615594
2021-06-16,58.234560153117755,0.8251966309772462,2.0,-0.16484438157976464
2021-06-17,55.5854302996733,0.8034127527676831,3.0,-0.8668523599233547
2021-06-18,56.216637439901355,0.7991822011511563,4.0,1.2359984827633934
2021-06-19,55.920084411673095,0.8250958878357468,5.0,0.3114093474506757
2021-06-20,54.31366228729181,0.815417443106696,6.0,0.36705352668088814
2021-06-21,57.14405114864135,0.8190807123308622,0.0,1.358184147104979
2021-06-22,56.95396496593873,0.7917876316341931,1.0,1.156341296899023
2021-06-23,56.673672787581324,0.7848090300863162,2.0,0.7653425361362853
2021-06-24,58.39315911410715,0.7949947634841523,3.0,-1.4217273470374627
2021-06-25,58.05020030861018,0.7945676992705153,4.0,-0.6956791195166836
2021-06-26,54.233573356568954,0.8233430329921059,5.0,-1.0038881360113527
2021-06-27,55.56123927047283,0.8277736492598493,6.0,0.7275336936257992
2021-06-28,53.39937583958596,0.8057862830982409,0.0,0.1706519417500514
2021-06-29,54.52455200989348,0.8381421899002965,1.0,-1.3905124336305947
2021-06-30,53.10947915482727,0.8375281180340328,2.0,-0.18874421301122754
2021-07-01,57.38017884112726,0.8156616291216616,3.0,-1.4941123357187784
2021-07-02,54.69846918894193,0.7949907359977106,4.0,-0.05315648806975988
2021-07-03,53.366074801837286,0.8435710250522028,5.0,-1.6553725039871847
2021-07-04,56.02050687715951,0.8114780656778445,6.0,0.5288274933846129
2021-07-05,49.123303073417915,0.8158566372619529,0.0,0.37796262603407355
2021-07-06,49.26777128777608,0.8071761534561226,1.0,1.9079484933468815
2021-07-07,54.71932568528345,0.7968073680772306,2.0,0.8478732894973424
2021-07-08,53.080537301208295,0.7858653066317893,3.0,-0.42291425582250275
2021-07-09,53.29277590536082,0.8285303823441617,4.0,0.818070093274486
2021-07-10,49.97175550670384,0.8008399154300041,5.0,-1.3976638809451785
2021-07-11,52.41117673462839,0.8783334817227937,6.0,-0.9624726036810854
2021-07-12,56.298241852435964,0.7960563061255282,0.0,0.33314253207511
2021-07-13,53.77373383371947,0.7932650489130709,1.0,-2.1582496627479273
2021-07-14,52.29944203112574,0.8292503933598878,2.0,-0.037160784933883036
2021-07-15,50.917248175896695,0.8502688092618856,3.0,-1.0202632921184207
2021-07-16,50.842219793039185,0.8216092534563247,4.0,0.10130705515326355
2021-07-17,47.209711199081795,0.8323972293561265,5.0,-1.0777363580472634
2021-07-18,51.82091059778667,0.7847163532381274,6.0,0.42424813745518875
2021-07-19,52.83494913533993,0.8086719913083869,0.0,0.01932742366738962
2021-07-20,47.83197665058624,0.8013848282743915,1.0,1.4003659168813305
2021-07-21,49.50054171060137,0.7855911464931059,2.0,0.006734534101622121
2021-07-22,48.34958252946073,0.8264665888074619,3.0,-0.7686428049614663
2021-07-23,48.57596982689432,0.7799053523296962,4.0,-0.2468858558272829
2021-07-24,50.45686772858828,0.7989529060750764,5.0,-1.3442363970167315
2021-07-25,46.025451653617125,0.8152878701514776,6.0,0.40613725470544
2021-07-26,51.26831462189126,0.8100409499476451,0.0,0.5898502463152723
2021-07-27,51.39421467667978,0.8352297573457287,1.0,2.469196036692818
2021-07-28,49.23228952010379,0.8340481117745576,2.0,-0.6218359906044048
2021-07-29,44.62237318780347,0.8464474034901378,3.0,-0.2677945736751827
2021-07-30,47.44159941728833,0.8442540238606028,4.0,-0.5757585244382156
2021-07-31,51.75228314632485,0.8526575256284974,5.0,0.21211370113122407
2021-08-01,43.583974256466064,0.8304378224760094,6.0,0.38169053447961365
2021-08-02,48.299884821010004,0.8371804491274445,0.0,-0.05337484442851077
2021-08-03,46.49142812017632,0.8419763057844156,1.0,1.0863259168730321
2021-08-04,50.31864097966792,0.8352140863287728,2.0,-0.6169795037547775
2021-08-05,47.2189588366907,0.8250719868175315,3.0,0.9861740478907121
2021-08-06,49.23843933068195,0.8270019429639982,4.0,0.5384978536410825
2021-08-07,49.42449688684203,0.817934546319115,5.0,-0.012029919898946523
2021-08-08,51.830814221814,0.8433529715188316,6.0,-0.31493664075714545
2021-08-09,47.61904789079377,0.8336752520738525,0.0,2.4266677587313694
2021-08-10,48.64541297423926,0.8229270011777409,1.0,-0.8170086507420794
2021-08-11,44.7934688935065,0.823580500438905,2.0,0.29793317696841465
2021-08-12,50.01656514179823,0.8132523429046616,3.0,-0.7502190702421325
2021-08-13,45.988819852198155,0.8576720649199822,4.0,1.7856207486213058
2021-08-14,46.26440837070515,0.8403025121207945,5.0,0.8868263287992036
2021-08-15,47.219517538257186,0.822109078973614,6.0,-0.6783498788411441
2021-08-16,44.01839520824854,0.8561709549920403,0.0,0.5125949934312284
2021-08-17,47.483945524272876,0.8294259444390332,1.0,0.2576957212765554
2021-08-18,48.84570621133436,0.8131398287295967,2.0,-0.5166247619747387
2021-08-19,47.38317134803246,0.8623292076891446,3.0,0.7581642172281733
2021-08-20,43.508235009020886,0.8317977427483604,4.0,0.38930539110441015
2021-08-21,46.32936829930825,0.8349966213704273,5.0,0.21569871388595227
2021-08-22,47.95426501133621,0.8446331242165074,6.0,-0.04191971124232876
2021-08-23,42.60974613950326,0.8672962289002467,0.0,0.43105449259965123
2021-08-24,44.11403615993526,0.8454801108966913,1.0,0.22938766149245945
2021-08-25,47.91685917352502,0.8217319431913811,2.0,0.05909333302501734
2021-08-26,46.60655638568145,0.8572267464314499,3.0,-0.6410159159875635
2021-08-27,46.79532181193507,0.8372843324988924,4.0,1.6937662407624925
2021-08-28,49.5978300591555,0.8853775270496369,5.0,-1.050419943348547
2021-08-29,46.72588482475161,0.8482315738140105,6.0,0.427636218879745
2021-08-30,47.01699876781255,0.8041881789309155,0.0,-0.3202407423014329
2021-08-31,51.03768882155658,0.856671108966923,1.0,1.7595472694492997
2021-09-01,45.106121347519455,0.8890506860039347,2.0,-0.9034825372238406
2021-09-02,43.858080686995905,0.8823120565645586,3.0,-0.7352632617603321
2021-09-03,46.232162427342196,0.8880476572037027,4.0,-0.9698180632618253
2021-09-04,46.17990661174617,0.8316682883558628,5.0,0.3234650509506103
2021-09-05,44.17650325635282,0.8709414606179483,6.0,-1.3730506595686418
2021-09-06,43.095826326614805,0.838893442538599,0.0,-0.47852849475776627
2021-09-07,49.7136938534275,0.8584540419565925,1.0,-2.152365822854285
2021-09-08,45.68379559186099,0.82914412602838,2.0,0.24042135412809051
2021-09-09,43.504380403006536,0.8423489799404409,3.0,-0.5002148587562626
2021-09-10,46.74241222096997,0.8423480819257436,4.0,-1.488056743931853
2021-09-11,44.63663794551282,0.8744790421107889,5.0,1.0856094029740586
2021-09-12,44.2963355929569,0.8731572395762502,6.0,-1.3076668983849393
2021-09-13,45.876624666413434,0.8633141723643941,0.0,0.7969436900282153
2021-09-14,42.12112078572715,0.8314042700515907,1.0,-0.7010408239878044
2021-09-15,45.36578701743097,0.8528148303686247,2.0,1.601571377895426
2021-09-16,48.44494448363556,0.8447602100236852,3.0,0.7495505389261462
2021-09-17,45.51276065969131,0.8777109754513502,4.0,-1.0080478708740281
2021-09-18,43.79223219087129,0.8845160780087246,5.0,-0.9170825522103063
2021-09-19,43.497589030625136,0.8827150133079192,6.0,0.60552520522431
2021-09-20,43.661165644621065,0.8471178338338818,0.0,-0.2623781307101668
2021-09-21,43.946878858551855,0.8080664804113533,1.0,-0.16934250702136555
2021-09-22,43.675071349620374,0.8281528255294625,2.0,1.2722388617720979
2021-09-23,46.2421171628495,0.8925595236886282,3.0,-0.7486888733699565
2021-09-24,40.92482282471741,0.8567368059755083,4.0,0.09129377217545448
2021-09-25,46.09993111680142,0.8503823330315231,5.0,0.954627793652306
2021-09-26,43.60419666233191,0.8988849519004707,6.0,0.8091174883856003
2021-09-27,45.10805729607016,0.8919698655764332,0.0,-0.1596126675206725
2021-09-28,42.09373496025587,0.867790561739983,1.0,-0.2889058808526582
2021-09-29,47.00148186650784,0.8620684461152284,2.0,-1.7388154625209316
2021-09-30,46.834960476653514,0.8659294043151661,3.0,-1.0562449926651958
2021-10-01,46.26530540016999,0.8737496051740985,4.0,0.3183592265747336
2021-10-02,41.322011777820364,0.901842215467662,5.0,-0.1378821889422362
2021-10-03,46.018122982116225,0.8789255389609351,6.0,0.07492707856622638
2021-10-04,45.18091151927133,0.8856316917718939,0.0,1.0392536096340605
2021-10-05,41.17493793338347,0.8951314339274351,1.0,-1.1873231090622745
2021-10-06,44.35412003289134,0.848987432360464,2.0,-0.23618030223264996
2021-10-07,45.151969274206365,0.8881131108653538,3.0,0.1887109634112177
2021-10-08,45.55818242172094,0.8677594185575614,4.0,-0.704159937574516
2021-10-09,44.826626354452756,0.823963810370259,5.0,1.431477113927417
2021-10-10,45.08357158435807,0.8323572440809186,6.0,0.9085868016131475
2021-10-11,47.480262394763045,0.8551932033251818,0.0,0.2901333270887555
2021-10-12,47.01995549805765,0.8868149407623278,1.0,1.7942317793285865
2021-10-13,38.87153366150493,0.8791013881322027,2.0,-1.4988952796101422
2021-10-14,44.01141992590201,0.8811476516038308,3.0,-0.007726281105681772
2021-10-15,44.36053491687323,0.9171141077489718,4.0,0.36633696893406104
2021-10-16,41.232054271648295,0.8533483664329624,5.0,-0.9145550467939221
2021-10-17,44.97389367456701,0.8788164122814048,6.0,0.30071454181772833
2021-10-18,47.33516727890194,0.8860887104562764,0.0,-1.106582493787878
2021-10-19,42.71947372104189,0.865909458304154,1.0,0.6905573182742532
2021-10-20,45.62318720945752,0.8818363761715001,2.0,1.0578347681289066
2021-10-21,43.17931627551197,0.849905775223075,3.0,0.2723334011283283
2021-10-22,43.7305020771098,0.910737806885183,4.0,-1.8527978150649458
2021-10-23,48.09524344842112,0.8695423121239945,5.0,-0.9667935211660346
2021-10-24,44.12421910165761,0.9244375271050939,6.0,0.5647100032131608
2021-10-25,46.20536731839013,0.8837949579660954,0.0,0.021198643512365802
2021-10-26,41.6128224652485,0.9056404363873488,1.0,-2.694002617692488
2021-10-27,49.15689785483875,0.8846482283344625,2.0,1.2428303838682404
2021-10-28,46.71723745976355,0.8857343297039957,3.0,0.13665650625383235
2021-10-29,45.229245850186466,0.8753035403196868,4.0,-0.819074664000045
2021-10-30,46.83027120665258,0.8900015262063732,5.0,0.9949555975666642
2021-10-31,42.94706743607825,0.8946139421422492,6.0,-0.6775400129068989
2021-11-01,48.22186634519171,0.8732037187105852,0.0,-0.6884521176042147
2021-11-02,45.3014785813509,0.8870229212066119,1.0,0.3583526510140362
2021-11-03,45.636470564352,0.8779567528375879,2.0,1.7810384592422948
2021-11-04,45.15895076037919,0.9367869321859476,3.0,1.6235871779728863
2021-11-05,45.08107451862755,0.8896339560303391,4.0,0.35971149890410664
2021-11-06,47.73426809350067,0.9229681350974233,5.0,0.46238565885031974
2021-11-07,46.96169488195374,0.8887859660822589,6.0,0.791498932084825
2021-11-08,47.86070638190497,0.8985190861640314,0.0,-1.256983675369349
2021-11-09,46.649293380162334,0.8675409725353486,1.0,0.6441483371519825
2021-11-10,47.80526722633085,0.8856617227658173,2.0,-0.7340734681435281
2021-11-11,46.055434903554776,0.8994487886538802,3.0,0.3184780667965807
2021-11-12,51.469107885218605,0.9275930924922131,4.0,-0.22746762760733732
2021-11-13,43.99250862003883,0.9009475920614619,5.0,0.5012083271142144
2021-11-14,49.771148549881126,0.9248172643667171,6.0,0.1181034650064601
2021-11-15,50.108137567513076,0.9105923599818362,0.0,-3.0730302708212998
2021-11-16,45.79316260961582,0.9309607252019921,1.0,0.17889171170518062
2021-11-17,52.08325764411338,0.897866774701518,2.0,0.6421529522992627
2021-11-18,49.744957075973865,0.9474869938955757,3.0,0.4459283483384537
2021-11-19,49.827519132810345,0.8906095362591778,4.0,-0.10258594620857964
2021-11-20,48.074510668463866,0.8856231442684276,5.0,1.642161691930406
2021-11-21,47.719161182597375,0.8773862445935209,6.0,0.3113731291216611
2021-11-22,47.87182597262321,0.9488427156533836,0.0,0.4376733001931063
2021-11-23,49.21057820577347,0.9192460943095008,1.0,1.0444918940505687
2021-11-24,51.37256599792046,0.8968096488244572,2.0,0.3625929996965988
2021-11-25,49.07526062181975,0.9291074380644541,3.0,-0.8980177534142035
2021-11-26,47.03390471462374,0.9185157484642604,4.0,-2.4383374137796223
2021-11-27,50.651485120077886,0.9447193748243372,5.0,-0.47712090201808144
2021-11-28,50.992408507565344,0.8750750893769479,6.0,0.7609455258811165
2021-11-29,50.608496316573394,0.9013594645003815,0.0,-0.35309633141780583
2021-11-30,50.94079631103687,0.8980511596227307,1.0,0.8011783722817295
2021-12-01,49.06007077776715,0.8684628544083359,2.0,0.148728175920273
2021-12-02,47.89754040743807,0.9297779726670224,3.0,1.2880660702621847
2021-12-03,48.17414217572168,0.903798418090282,4.0,-0.2952167071206611
2021-12-04,46.795986434886494,0.9246338939410012,5.0,0.46761482656768805
2021-12-05,50.69852224996852,0.9576716291627827,6.0,0.5058850645353592
2021-12-06,50.21672196297922,0.9040462372745589,0.0,1.501601872631193
2021-12-07,49.663874857610985,0.9033229720928887,1.0,-1.706637306334278
2021-12-08,44.79403305077856,0.9147542357754324,2.0,-0.4584082745531576
2021-12-09,48.37319899678429,0.9327608200755413,3.0,0.8485161053885039
2021-12-10,53.273174049296586,0.9023165331445906,4.0,1.545896479778648
2021-12-11,49.866947575361166,0.9016664823430717,5.0,0.24007151264208035
2021-12-12,52.08308991299324,0.9360644203254622,6.0,-0.29270416442148695
2021-12-13,48.74719467126435,0.9231283420323163,0.0,0.7571183686744447
2021-12-14,54.573539016864764,0.8752959109303798,1.0,0.868702675231683
2021-12-15,51.57649008867654,0.8923175608360148,2.0,-0.3596616786673072
2021-12-16,52.61384942910679,0.9474850347368616,3.0,0.3303073121775462
2021-12-17,56.855308114180055,0.9261338037568143,4.0,1.1805272624119694
2021-12-18,55.40731586478793,0.9034862401094137,5.0,1.8904589932744518
2021-12-19,51.93264915556507,0.9159568862203797,6.0,0.7426049592352919
2021-12-20,51.53129253182686,0.9202647334560334,0.0,0.044138896665593126
2021-12-21,52.23915313832074,0.9353495878405239,1.0,-0.05407517603790821
2021-12-22,54.08305749665947,0.8941045733726655,2.0,0.5573965571936229
2021-12-23,53.02628781988941,0.9050857791313527,3.0,-0.11567284247945017
2021-12-24,52.62012967369794,0.9279987976369504,4.0,0.18964049902238825
2021-12-25,56.51921854281674,0.9211779115646942,5.0,-1.0578762645308748
2021-12-26,53.53097984811747,0.935246707462258,6.0,1.297057196491159
2021-12-27,58.53337614027364,0.8998542964972525,0.0,-1.1401847271486785
2021-12-28,54.29068528066864,0.9322219386047915,1.0,-0.4321117604530126
2021-12-29,57.85499210079339,0.9475459581018352,2.0,0.09759326085181382
2021-12-30,55.174251315608934,0.936085577292192,3.0,1.9909868798886388
2021-12-31,56.560841781419555,0.9297663617793589,4.0,-0.42268298485232736
2022-01-01,53.36100669661813,0.9257013755677281,5.0,-0.6660158139603963
2022-01-02,53.27796751232245,0.9115569451985381,6.0,-0.5508169173337938
2022-01-03,56.08005302670696,0.9274489170400931,0.0,1.6588971676113125
2022-01-04,57.312749800572846,0.9547179265814176,1.0,-2.8123469935060212
2022-01-05,55.590954642169045,0.9277781600267276,2.0,-1.002738012148587
2022-01-06,53.11219855827516,0.9129975710066827,3.0,2.7312887091595517
2022-01-07,53.13870657355772,0.9215836296532637,4.0,0.5908820734916369
2022-01-08,53.17883237707764,0.9360804980090106,5.0,-1.10598494933922
2022-01-09,52.67133604425609,0.9252281327547958,6.0,-0.04191798217477153
2022-01-10,56.59856882737562,0.9430393989945962,0.0,0.06745456606786167
2022-01-11,58.80219621168976,0.9444251291832346,1.0,0.8461252459056059
2022-01-12,56.6972292978524,0.9523828382112676,2.0,1.8395020028225635
2022-01-13,52.37457609155642,0.9637092846833959,3.0,0.38855168127921547
2022-01-14,56.6845718187555,0.9557901903604631,4.0,-0.5397883030129608
2022-01-15,56.91047464043633,0.9178231552249773,5.0,0.7870844420982043
2022-01-16,61.59729336150623,0.9190721682113318,6.0,-0.6982526968628611
2022-01-17,54.65943739185584,0.9362623482485813,0.0,-1.0333374959890294
2022-01-18,56.95992053342798,0.9293891912679101,1.0,-1.759908871956445
2022-01-19,61.31964007325086,0.9162810845084002,2.0,-1.5651283945004009
2022-01-20,58.97359837704691,0.9308487037990798,3.0,-0.8964451561242719
2022-01-21,59.36497467038386,0.9308272016450796,4.0,-1.177789767700871
2022-01-22,58.63117620771641,0.9275154261571569,5.0,0.31323652737471736
2022-01-23,59.22445764768708,0.9352715118642015,6.0,-1.1994018258240353
2022-01-24,60.28121006372791,0.9657912392285888,0.0,-3.143666302024744
2022-01-25,57.26724910262335,0.9468419036821276,1.0,-1.0439117745894657
2022-01-26,60.80133340078102,0.9929282450131729,2.0,-0.47185964772141936
2022-01-27,56.456922304267934,0.9475371478473771,3.0,-0.6054494878719654
2022-01-28,60.016048178501094,0.9389605892831597,4.0,1.5195246793091843
2022-01-29,59.87180445471464,0.9454794830499227,5.0,-0.6135425592891501
2022-01-30,58.43532805537429,0.9511615856006168,6.0,0.8809234631991979
2022-01-31,59.774672221203055,0.9553717458100879,0.0,-0.01898259968086171
2022-02-01,58.725583704832324,0.9888358138187678,1.0,-0.042304725672598735
2022-02-02,57.97633160134207,0.9310300986369566,2.0,-0.835380288848037
2022-02-03,59.55998079130604,0.9657523497349834,3.0,-0.058782651580767155
2022-02-04,58.20507203819959,0.9533613611586317,4.0,-0.7650961268974169
2022-02-05,61.202804011930866,0.9184193149898575,5.0,0.1700243142545705
2022-02-06,58.399476833683835,0.9658901661180858,6.0,-0.2362496326236882
2022-02-07,62.264278302688915,0.9764635823271892,0.0,-0.9446279331916002
2022-02-08,58.616239507281165,0.9346025036704831,1.0,0.9918943397005953
2022-02-09,59.98363793964451,0.9522022750231129,2.0,0.42684048002142533
2022-02-10,60.002168158998835,0.9185087877757189,3.0,-0.44806273414224823
2022-02-11,64.03489360842642,0.9284746644571069,4.0,0.14549304703531002
2022-02-12,62.176444650991186,0.9752463058380594,5.0,-0.08382252150196365
2022-02-13,61.22166324175106,0.9455923048004863,6.0,-0.8675909372632739
2022-02-14,62.76979993043367,0.9333794960567948,0.0,0.07049622902116384
2022-02-15,57.68313390911075,0.9607796834796447,1.0,-0.6210117548073745
2022-02-16,61.93430018780431,0.9463771481967763,2.0,-0.9449338356200992
2022-02-17,66.13650017255095,0.9480438843048067,3.0,-1.6227673302665249
2022-02-18,62.5248900802471,0.9728817586087362,4.0,-0.3586073535386307
2022-02-19,62.51253521677507,0.9354954915514718,5.0,0.5669706595837234
2022-02-20,63.58723042494917,0.9412577751114427,6.0,-0.6946593533788596
2022-02-21,64.39416899733644,0.9630815998429774,0.0,2.5207086921579696
2022-02-22,58.71769778496263,0.9800231164498847,1.0,0.8856856536527323
2022-02-23,59.45530712451391,0.9860330472996383,2.0,1.3043301326604781
2022-02-24,63.34549698176972,0.9486035274975295,3.0,0.7952430120737586
2022-02-25,61.59771082192752,0.9812872218780755,4.0,1.8528649749385728
2022-02-26,65.75162980397093,0.947491757305195,5.0,-0.7870019834725421
2022-02-27,62.59488289562194,1.0003337107476598,6.0,-2.5607373856586215
2022-02-28,59.45133166607126,0.9417690239360499,0.0,-0.44612560835288306
2022-03-01,60.87700857446685,0.9916489412951998,1.0,0.5582185755475376
2022-03-02,58.00378293660624,0.9525845635779113,2.0,0.15151697174797846
2022-03-03,63.12241200862262,1.0066141354450984,3.0,0.2754726109677837
2022-03-04,63.298827479825505,0.9788105415611766,4.0,1.3209100026698724
2022-03-05,62.90898328312691,0.9472987170308832,5.0,0.3820575744624996
2022-03-06,65.99533661585176,0.9578091986631181,6.0,0.7989129275910215
2022-03-07,66.31162224550418,0.9845125129933637,0.0,-0.9395627418527589
2022-03-08,63.64812208276016,0.9905766978761208,1.0,-1.0953936892160367
2022-03-09,59.791119193006274,0.9687444183242409,2.0,1.6141139230244876
2022-03-10,65.36394825074474,0.9716868164129201,3.0,0.10090153514706786
2022-03-11,65.30623560238925,0.9865956320814527,4.0,-0.6232291834461349
2022-03-12,64.87766118005031,0.9746994606037085,5.0,-0.6213944935471182
2022-03-13,66.28241543637971,0.9468283155116453,6.0,-0.6491231216382576
2022-03-14,62.047575636696116,0.9570738528405298,0.0,-0.7089590210458417
2022-03-15,76.4497003081306,0.9786706528312872,1.0,-1.2831478026036598
2022-03-16,70.56545820545514,0.9989128229331284,2.0,-1.5004204022205085
2022-03-17,74.03203570714072,1.007557743721336,3.0,-0.19500437765441916
2022-03-18,69.20530890905346,0.9914636042884449,4.0,-0.5929258703203995
2022-03-19,70.7630148597238,0.9822537517286638,5.0,1.1071592854432952
2022-03-20,75.69693499422152,0.9921191348625066,6.0,0.29307665326691656
2022-03-21,72.1801539456033,0.9644427607736407,0.0,0.2653176800779831
2022-03-22,74.41664686985001,0.9753480792075341,1.0,-0.7431204075544506
2022-03-23,73.24264329661645,0.9625650046208295,2.0,-0.1210284157799757
2022-03-24,72.58782133728587,0.9547076874683855,3.0,0.36100110363144033
2022-03-25,75.551510045632,0.9869884405501844,4.0,0.7161957397126754
2022-03-26,72.37362332439763,0.9846626470840758,5.0,-0.09389182651836551
2022-03-27,69.30565025428136,0.9953403512774818,6.0,1.079123779324209
2022-03-28,71.27788065828926,0.9931444588400712,0.0,0.007989308907942713
2022-03-29,74.00102338324474,0.9877100282836201,1.0,0.7928471185176799
2022-03-30,73.70097864258217,0.9946243968056147,2.0,-0.4898522085891503
2022-03-31,69.78420343996297,0.9832733222024346,3.0,-1.8125883665686418
2022-04-01,71.47503188235504,0.9930197326663528,4.0,0.26835898801852265
2022-04-02,71.762708015127,0.9708739373430982,5.0,0.7253240631466256
2022-04-03,72.19468234880385,0.9934258645445286,6.0,0.5753473318075695
2022-04-04,70.17030331198058,1.000035020372387,0.0,0.42218666143744
2022-04-05,71.65893732892292,0.9739079587401432,1.0,-0.3485869659549873
2022-04-06,71.4490505867052,0.9889731499163649,2.0,-0.8067462514455923
2022-04-07,74.43697677338795,0.9760993783788413,3.0,0.5517282690437805
2022-04-08,74.49684286068639,0.9786762152760269,4.0,0.42644741619827503
2022-04-09,72.56872607296326,0.9673426827392267,5.0,-0.5608990908438263
2022-04-10,72.0550772629629,1.0157916889795215,6.0,1.1094241891920569
2022-04-11,73.0948856792721,1.0124248146055121,0.0,-0.8828655145476005
2022-04-12,71.15484546361884,1.0024947088305785,1.0,-0.5835233787910404
2022-04-13,70.46437751402478,1.0318248714198286,2.0,1.636425212341665
2022-04-14,70.84474245355162,0.9892309590845052,3.0,0.8685819377339127
2022-04-15,71.41980960660167,1.0542860419530065,4.0,-0.3580093058910226
2022-04-16,70.32385880208467,0.9897351259784499,5.0,0.2873807096435505
2022-04-17,72.93342777837042,1.0000245019557552,6.0,0.15479224452383833
2022-04-18,74.02438729521816,0.9875999972767514,0.0,-2.7456138649773782
2022-04-19,69.34356574566036,1.0036369873916824,1.0,-0.9064739494733817
2022-04-20,72.51800020668077,1.0135376953831217,2.0,-0.050846617109281525
2022-04-21,71.97504143067314,0.9951819895992559,3.0,-0.3566114765593062
2022-04-22,73.04230702450411,1.0336296350375906,4.0,0.24710256483042056
2022-04-23,72.2750125678234,1.0035131444228278,5.0,1.12948231294792
2022-04-24,69.33253405889307,1.0047747870872834,6.0,-0.32153578465392746
2022-04-25,69.6510576628796,0.9818200461097256,0.0,-1.0576547961228648
