date,observed,expected,expected_ci_lo,expected_ci_hi,excess,excess_ci_lo,excess_ci_hi,excess_pct,excess_pct_ci_lo,excess_pct_ci_hi
2025-03-01,941.0,857.1110462644132,843.2924357699158,884.5499976017576,83.88895373558682,56.450002398242404,97.70756423008424,9.787407839533039,6.5860780402109,11.399638898125003
2025-03-02,953.0,895.0248251161024,873.2091818961433,912.5228508390234,57.97517488389758,40.47714916097669,79.79081810385678,6.477493501521263,4.522461056398742,8.914927928787487
2025-03-03,1119.0,986.8155103471412,961.2937053900444,1004.9263232917534,132.18448965285882,114.07367670824654,157.70629460995562,13.39505594174934,11.559777436829888,15.98133520970681
2025-03-04,1047.0,938.4353803006817,919.5564016199883,957.765962987035,108.56461969931831,89.23403701296502,127.44359838001179,11.568683574625393,9.508809970951198,13.580434098635319
2025-03-05,1010.0,912.4474968353029,894.1094297264478,929.559598778847,97.5525031646971,80.44040122115305,115.89057027355213,10.69130043131735,8.815893681570653,12.701067258719261
2025-03-06,1006.0,895.8794478657944,878.5979951437571,912.9273319444495,110.12055213420558,93.07266805555048,127.40200485624288,12.291894003879637,10.388972341900745,14.220887102583482
2025-03-07,976.0,890.6956013869896,866.7606635891841,904.318514626052,85.30439861301045,71.68148537394805,109.23933641081591,9.57727853154036,8.047809516778322,12.264497123451449
2025-03-08,989.0,852.9645570383268,840.8840941411928,876.4592713423738,136.0354429616732,112.5407286576262,148.11590585880717,15.94854579116593,13.194068584560112,17.36483710098071
2025-03-09,970.0,871.1434305599888,859.2372839516689,896.5250131141688,98.85656944001119,73.47498688583121,110.76271604833111,11.347909652083832,8.434315671599565,12.714635978730916
2025-03-10,1026.0,973.1248007915663,951.9070559995233,993.0036791395563,52.87519920843374,32.99632086044367,74.0929440004767,5.433547594863846,3.3907594209502796,7.613920017268852
2025-03-11,1046.0,923.4704946412514,905.370043557759,943.6064558712235,122.52950535874857,102.39354412877653,140.62995644224094,13.268372521890766,11.087906405559199,15.228419019155849
2025-03-12,983.0,899.0313334614203,878.1121073848464,916.9544404637137,83.96866653857967,66.04555953628632,104.8878926151536,9.33990434074042,7.346302300944275,11.666767187225584
2025-03-13,1063.0,890.3130133871027,865.8444453606149,903.8270042628003,172.68698661289727,159.17299573719973,197.15555463938503,19.396210548010266,17.878318450231646,22.14452127228011
2025-03-14,1009.0,870.1195746088943,847.0159234415878,883.0694575256437,138.88042539110575,125.9305424743564,161.98407655841223,15.961073563197385,14.472785827276706,18.616300711453555
2025-03-15,979.0,841.6905878515431,822.161083271807,858.6707991594983,137.3094121484569,120.32920084050174,156.83891672819297,16.313525912051123,14.296132400345353,18.63379714492615
2025-03-16,981.0,860.0291864109778,840.9482033600905,879.8573613945972,120.97081358902221,101.14263860540275,140.05179663990953,14.065896309153223,11.760372811007164,16.28453997292409
2025-03-17,1031.0,963.4885239421455,941.5515737932808,984.7576458166969,67.51147605785445,46.242354183303014,89.44842620671922,7.006982893955913,4.799471195993169,9.283808160032669
2025-03-18,1077.0,915.4884809479411,898.2690117637279,933.1986088011444,161.51151905205893,143.8013911988556,178.7309882362721,17.642113736354396,15.707613387986783,19.523018798795306
2025-03-19,1023.0,880.1281429240489,868.9939080192887,903.5400073573031,142.87185707595108,119.45999264269683,154.00609198071126,16.233074493140062,13.573022701650583,17.498144243979855
2025-03-20,949.0,881.0859328140588,857.8762529760277,893.2348666170999,67.91406718594124,55.765133382900046,91.12374702397234,7.7079958556407435,6.3291367284453655,10.342208816447279
2025-03-21,924.0,850.1633267868984,837.6648666681212,871.2897384907211,73.83667321310156,52.710261509278865,86.33513333187875,8.68499862163655,6.200015908530384,10.155123211227327
2025-03-22,904.0,835.8010031697872,819.1049948389951,852.0327085797344,68.19899683021276,51.967291420265646,84.89500516100485,8.159717034505473,6.217663202506213,10.157322716656157
2025-03-23,958.0,849.7130656352501,832.5513823872493,871.3228915213252,108.28693436474987,86.67710847867478,125.4486176127507,12.743941307268702,10.200750345515107,14.763644656795364
2025-03-24,1106.0,959.1430727006309,934.1149160045089,975.478154066147,146.8569272993691,130.52184593385297,171.8850839954911,15.311263927066518,13.608172716750845,17.920692844240573
2025-03-25,1076.0,910.3028011325728,893.8305141899328,929.3078427906106,165.69719886742723,146.6921572093894,182.16948581006713,18.202426561938676,16.11465514847139,20.011965862723592
2025-03-26,965.0,874.5400706396422,861.1071950872368,896.5986174874278,90.45992936035782,68.40138251257221,103.89280491276318,10.343714644681182,7.821412055200988,11.87970779163676
2025-03-27,941.0,861.7262234344855,847.0724680508907,879.0183288562722,79.27377656551448,61.98167114372782,93.92753194910922,9.199415592757742,7.192733545544713,10.899927308090126
2025-03-28,1007.0,836.2417467547458,826.0570310571494,859.4094609813402,170.7582532452542,147.59053901865977,180.9429689428506,20.41972359164394,17.64926704406033,21.637638834110707
2025-03-29,877.0,824.3095946602399,808.7069412749319,843.1385126864822,52.690405339760105,33.861487313517856,68.29305872506808,6.3920650300665,4.107860387998361,8.284879754822798
2025-03-30,958.0,840.8426224971661,823.8545572826702,864.5103847299013,117.15737750283392,93.48961527009874,134.14544271732981,13.933330015419001,11.118562828374444,15.953692061772468
2025-03-31,1076.0,941.3157346098112,921.7193601882738,957.7050742205702,134.68426539018878,118.29492577942978,154.2806398117263,14.30808605850165,12.566976353419259,16.389892799962364
2025-04-01,983.0,894.1317102894363,882.70890394929,922.0188645116559,88.86828971056366,60.981135488344115,100.2910960507101,9.939060284731028,6.820151302832569,11.216590900041473
2025-04-02,1010.0,871.6193710116538,858.5455921861411,895.9865455279415,138.3806289883462,114.01345447205846,151.45440781385886,15.876268195798968,13.0806471567661,17.376209484430316
2025-04-03,929.0,855.3913457620413,842.2501068782874,878.097854154705,73.60865423795872,50.90214584529493,86.74989312171257,8.605260574898974,5.950743609633764,10.14154439970746
2025-04-04,947.0,846.418129862045,828.3857584354624,865.4015254257155,100.58187013795498,81.59847457428447,118.61424156453752,11.883236734821418,9.640445034841578,14.013669766722753
2025-04-05,897.0,831.9611164330781,811.999143884993,847.210977596051,65.03888356692187,49.78902240394899,85.00085611500691,7.817538858759093,5.984537188157634,10.216926540922573
2025-04-06,916.0,854.4246362045366,831.4074733218397,868.458028962667,61.57536379546343,47.54197103733302,84.59252667816027,7.2066465766938865,5.564208828120936,9.900525229929123
2025-04-07,991.0,922.4218407500005,905.622623663215,946.5681227002308,68.57815924999954,44.43187729976921,85.37737633678499,7.434576700204778,4.816871775677239,9.25578434562722
2025-04-08,1040.0,892.721574756915,880.4176581616803,915.2357150688468,147.27842524308505,124.76428493115317,159.58234183831968,16.497688574759543,13.97572193380966,17.875936501453257
2025-04-09,946.0,868.3920157490373,854.005014721155,888.5007007341632,77.60798425096266,57.49929926583683,91.99498527884504,8.936975794741892,6.621352824880642,10.593716157039301
2025-04-10,932.0,850.9582472882701,837.1463779534696,869.1412003771495,81.04175271172994,62.85879962285045,94.85362204653046,9.523587434516784,7.386825361075142,11.146683441731533
2025-04-11,904.0,824.2605439974826,814.3956075164591,848.6324568156386,79.73945600251739,55.36754318436133,89.60439248354093,9.674059565656089,6.717238085404514,10.870882166575548
2025-04-12,875.0,817.4772089614416,800.3046401032715,834.9971012139187,57.52279103855835,40.00289878608138,74.69535989672852,7.036623211996061,4.893457376861037,9.137301820514939
2025-04-13,930.0,830.6665444675618,813.9684118856604,852.6277251799669,99.33345553243817,77.37227482003308,116.03158811433963,11.958282922795286,9.314480682453263,13.96849179579192
2025-04-14,996.0,912.4121681768495,892.7496511679407,931.0539325375178,83.58783182315051,64.94606746248222,103.25034883205936,9.161192138655148,7.1180623985161455,11.316195951043774
2025-04-15,1019.0,888.0858650667783,868.8418616355337,903.1112490977813,130.9141349332217,115.88875090221869,150.15813836446628,14.741157368086002,13.049273213407648,16.908065342665417
2025-04-16,922.0,855.2302376274246,840.0807806316785,875.1200146665476,66.76976237257543,46.879985333452346,81.9192193683215,7.807226573022928,5.481563124277103,9.57861588191519
2025-04-17,950.0,835.5805785350396,819.5711102424871,855.0054155240961,114.41942146496035,94.99458447590398,130.4288897575129,13.693403653010137,11.368692250177812,15.60937306443671
2025-04-18,913.0,814.0704687969375,799.3409141272563,834.6802880149432,98.92953120306254,78.3197119850567,113.65908587274369,12.15245301174776,9.62075336067655,13.961823973385643
2025-04-19,955.0,798.0414751910798,780.9228112628092,817.639097768523,156.95852480892017,137.36090223147696,174.07718873719077,19.667965849937644,17.212251054819905,21.813050342466276
2025-04-20,873.0,812.1148465940023,798.4533874314383,836.3305544271421,60.8851534059977,36.66944557285784,74.54661256856173,7.497111235110297,4.515302943499797,9.179319018881273
2025-04-21,1115.0,896.1821592461015,880.7941921705735,917.3017668509212,218.8178407538985,197.6982331490788,234.20580782942642,24.416670037035264,22.06005008126798,26.133727994144433
2025-04-22,951.0,877.4023370557179,857.1782678738779,892.2110918367401,73.59766294428209,58.788908163259826,93.82173212612217,8.388131628558495,6.70033639989342,10.693125395694517
2025-04-23,1004.0,851.3588262722578,831.3487678693417,864.6136691163244,152.64117372774217,139.38633088367553,172.65123213065823,17.929123304693235,16.37221892606548,20.279490480720728
2025-04-24,958.0,831.5848162975583,815.1435484293603,848.5445353622013,126.41518370244171,109.45546463779876,142.85645157063968,15.201718601029354,13.162273107044483,17.178819137977463
2025-04-25,935.0,810.5246814668855,796.3555142841777,832.9888359136759,124.47531853311455,102.0111640863241,138.64448571582233,15.357375460527548,12.585818349381363,17.105522988504667
2025-04-26,896.0,802.3764472716873,780.0828809066969,815.3027122958061,93.62355272831269,80.69728770419385,115.91711909330313,11.668282767603651,10.057285203047527,14.446725036291253
2025-04-27,904.0,824.8628709051438,801.1558542185367,840.1884831078618,79.13712909485616,63.81151689213817,102.84414578146333,9.593973966608159,7.73601517814908,12.468029463928923
2025-04-28,1017.0,881.0200391965748,865.4060782213401,905.7455511294162,135.97996080342523,111.25444887058377,151.59392177865996,15.43437773872078,12.627913545762206,17.206637197140537
2025-04-29,940.0,855.6427592184762,842.6069199082818,878.9680615584859,84.35724078152384,61.03193844151406,97.39308009171819,9.85893234912357,7.1328761663640075,11.382446592626428
2025-04-30,939.0,833.5555503585812,818.8292900838948,856.0071261022275,105.44444964141883,82.99287389777244,120.1707099161052,12.649960713003287,9.956489865860812,14.416640842282177
2025-05-01,916.0,841.5639205884639,815.728234008884,852.9719752187217,74.43607941153607,63.02802478127831,100.27176599111607,8.84497036891584,7.489392456036606,11.914931657360142
2025-05-02,881.0,839.0170402571501,805.9604214737888,842.5364912038101,41.98295974284986,38.46350879618995,75.03957852621127,5.003826826923862,4.584353708048799,8.943749045098345
2025-05-03,833.0,823.6641101884317,783.068346842428,818.4485152868245,9.335889811568336,14.551484713175462,49.931653157572015,1.133458371693838,1.7666770389991238,6.06213777435914
2025-05-04,896.0,848.8341745337034,804.8715695559653,847.819112705044,47.16582546629661,48.18088729495605,91.12843044403475,5.5565417700349515,5.676124823959124,10.73571648951281
2025-05-05,1006.0,908.26119395344,884.4044140825767,924.5196915036969,97.73880604655994,81.48030849630312,121.59558591742325,10.761090168470888,8.97102166631596,13.387733256349668
2025-05-06,1029.0,863.653241147634,850.6911487925751,885.346094430095,165.34675885236595,143.653905569905,178.3088512074249,19.145040043229727,16.633285064618732,20.645884564791963
2025-05-07,873.0,835.2271358362365,823.2583707604696,858.0291691382985,37.77286416376353,14.970830861701515,49.7416292395304,4.5224661104844275,1.792426301704457,5.955461347616377
2025-05-08,908.0,821.1734275355135,809.0043084388026,841.710740693357,86.8265724644865,66.28925930664298,98.99569156119742,10.573475657276001,8.072504185332537,12.055393932838397
2025-05-09,906.0,802.8037249355012,793.6684823922745,829.1387608619569,103.19627506449876,76.86123913804308,112.33151760772549,12.854483836978925,9.574100960258779,13.992401145965088
2025-05-10,845.0,771.0990311425846,760.6459532141101,798.4106686632159,73.90096885741536,46.58933133678413,84.35404678588985,9.583849268739423,6.041938772475159,10.939456980110231
2025-05-11,882.0,803.3411441897408,782.8796782976628,819.3449919648501,78.65885581025918,62.65500803514983,99.12032170233716,9.79146361158875,7.79930276051582,12.338509289513743
2025-05-12,1006.0,891.4287513170841,868.015713911452,906.7959042231216,114.5712486829159,99.20409577687833,137.98428608854792,12.852541329145724,11.128662344613014,15.479003328608869
2025-05-13,894.0,853.6971796388187,836.3372845313169,870.8181186957122,40.30282036118126,23.181881304287778,57.66271546868317,4.720973820978598,2.7154688872341763,6.754469482150455
2025-05-14,950.0,821.9568816340238,806.44527457993,840.5489178052776,128.04311836597617,109.45108219472245,143.55472542006996,15.577838841306441,13.315915304113911,17.46499465211457
2025-05-15,925.0,798.7755999239263,787.7942062007028,821.4187080058216,126.22440007607372,103.58129199417837,137.20579379929723,15.802235332187797,12.967508271915571,17.177013645930646
2025-05-16,931.0,790.9447929808672,776.8441876530039,812.2489462858376,140.0552070191328,118.7510537141624,154.15581234699607,17.70733030447053,15.013823312069642,19.49008498633925
2025-05-17,845.0,758.1407320521864,749.1722657912984,782.9124523604844,86.85926794781358,62.087547639515655,95.8277342087016,11.456879214588175,8.18944887335797,12.639834552789246
2025-05-18,833.0,786.6845224517403,771.2994956554862,808.6112139231335,46.31547754825965,24.388786076866506,61.700504344513725,5.887427072279905,3.100199048134019,7.843106427494102
2025-05-19,955.0,888.0435698418527,855.739831610524,902.4338615866924,66.95643015814733,52.56613841330765,99.26016838947605,7.539768591542336,5.919319749443025,11.177398470117046
2025-05-20,921.0,855.8225141718546,834.6244114009082,871.2300870618785,65.17748582814545,49.76991293812145,86.37558859909178,7.615771348480487,5.815447959590292,10.092698797796178
2025-05-21,953.0,829.091033267677,809.5118902695539,842.7952446314401,123.90896673232305,110.20475536855987,143.48810973044613,14.945158222730207,13.2922382400172,17.306677309597696
2025-05-22,926.0,802.8083896530044,788.1932477581054,821.1168966717834,123.19161034699562,104.8831033282166,137.80675224189469,15.345082579448674,13.064525069742972,17.165584467977286
2025-05-23,853.0,797.8841215017201,778.3053913117153,813.0761548032445,55.115878498279926,39.92384519675543,74.69460868828463,6.907754774533522,5.003714715065847,9.361586059351552
2025-05-24,902.0,761.4910884528049,749.3083896665365,782.742527786108,140.5089115471951,119.25747221389203,152.69161033346347,18.451812986108695,15.661046336891348,20.051660833444785
2025-05-25,903.0,785.4276561686745,769.5389373740729,807.1380068377337,117.5723438313255,95.86199316226633,133.46106262592713,14.969213638954962,12.205069736133598,16.992152183302505
2025-05-26,806.0,761.544713543592,756.7525153598573,816.3969196455945,44.455286456407975,-10.39691964559444,49.247484640142694,5.837514943745097,-1.3652408664510156,6.466788326976375
2025-05-27,936.0,802.7239896983715,770.3015328411037,816.3053712406829,133.2760103016285,119.69462875931713,165.69846715889628,16.602968394118605,14.911056639068821,20.642022573806287
2025-05-28,942.0,783.2400968457924,756.2454418598239,797.9954818843162,158.75990315420756,144.00451811568382,185.75455814017604,20.269634278627194,18.385743872869682,23.716170672088072
2025-05-29,880.0,766.3357395147502,740.1863504485917,779.90423374921,113.66426048524977,100.09576625079004,139.8136495514083,14.832175327908217,13.061607476922774,18.244438089229586
2025-05-30,874.0,771.7232286420372,741.2060504644154,779.6920285997605,102.27677135796284,94.30797140023948,132.79394953558466,13.253037820039987,12.22043964727983,17.207457882180837
2025-05-31,852.0,745.6966317653536,726.5510549653425,764.4019881721588,106.30336823464643,87.59801182784123,125.44894503465758,14.2555784358292,11.747137923965502,16.823053731337257
2025-06-01,865.0,775.5756862750509,760.4188422484247,796.7920042922894,89.42431372494912,68.20799570771057,104.58115775157539,11.530056357805368,8.794498965703937,13.48432649479507
2025-06-02,986.0,871.4341908603519,834.329355741293,884.9046600391138,114.56580913964808,101.09533996088628,151.67064425870694,13.146811353194582,11.60102977610697,17.4047157948858
2025-06-03,938.0,831.4992207936496,817.0130595595609,855.1926218056645,106.50077920635044,82.80737819433546,120.98694044043911,12.808283705268847,9.958804064217578,14.550457464645543
2025-06-04,889.0,810.5755449152115,792.4017168329004,828.375055152606,78.42445508478852,60.624944847394026,96.59828316709952,9.675156816258495,7.479246718914467,11.917246180577035
2025-06-05,860.0,788.6775678903737,771.4383899078188,806.1538781534016,71.32243210962633,53.8461218465984,88.56161009218128,9.043294118331024,6.827393606569906,11.229127554505437
2025-06-06,816.0,776.2901639369613,758.9021687157236,792.5861150021477,39.709836063038665,23.413884997852232,57.09783128427633,5.115334176289178,3.016125423914757,7.355217666897164
2025-06-07,851.0,745.8914737494144,728.8071504324009,763.6262818538611,105.10852625058556,87.37371814613893,122.19284956759901,14.09166479973697,11.713998781475885,16.382121778838062
2025-06-08,829.0,766.9188323179366,751.9509613139805,788.1574225738531,62.08116768206344,40.842577426146896,77.04903868601943,8.094881109442733,5.32554107488849,10.046570176552622
2025-06-09,958.0,840.7204043909522,822.223285623252,865.3048411725113,117.27959560904776,92.69515882748871,135.7767143767481,13.949892853380819,11.025682063068324,16.150043898971333
2025-06-10,924.0,810.5295838233433,802.1404456326458,840.7847421650948,113.47041617665673,83.21525783490522,121.8595543673542,13.999540355011625,10.266776129548674,15.034559724832173
2025-06-11,917.0,786.021743427177,773.3349527706969,811.4965947304146,130.97825657282306,105.50340526958544,143.66504722930313,16.663439360053513,13.42245378729273,18.27749021329883
2025-06-12,879.0,776.5518226693214,761.1228894865276,797.8466734647202,102.44817733067862,81.15332653527977,117.87711051347245,13.19270322211375,10.450471451644155,15.179554934052096
2025-06-13,828.0,788.3065241330995,758.0564894200061,797.9976819486341,39.693475866900485,30.002318051365933,69.94351057999388,5.035284454933491,3.8059203029379307,8.872628658872353
2025-06-14,799.0,743.5478000522791,727.14657505332,762.6572156620507,55.45219994772094,36.34278433794932,71.85342494667995,7.457785490565917,4.887753596392061,9.663591895723169
2025-06-15,853.0,770.431472777637,753.6405513893128,790.4036721386849,82.56852722236295,62.59632786131514,99.35944861068718,10.71717993615689,8.124840439816998,12.896597831403033
2025-06-16,955.0,800.4539888451384,773.7150234038135,826.5719561960517,154.54601115486162,128.42804380394824,181.28497659618654,19.307294773786328,16.044400501925026,22.647769780963543
2025-06-17,924.0,827.2888576016277,786.2817460986597,829.515115516712,96.71114239837232,94.484884483288,137.7182539013403,11.690129935841895,11.4210270832375,16.646936875300828
2025-06-18,923.0,767.0438516621093,747.3375918177887,789.4374571030507,155.95614833789068,133.5625428969493,175.66240818221132,20.332103308037592,17.41263457200423,22.901221071203164
2025-06-19,731.0,759.3276539374525,730.1464449757582,769.3244300913113,-28.32765393745251,-38.32443009131136,0.853555024241758,-3.7306232415691682,-5.04715321410752,0.11240931629655453
2025-06-20,891.0,730.0967818206368,717.0405587326828,755.923156567566,160.9032181793632,135.07684343243398,173.95944126731712,22.038614905015752,18.501224330231107,23.826901528522807
2025-06-21,808.0,717.1349401765887,699.3681608981393,734.9924154454415,90.86505982341134,73.00758455455856,108.63183910186069,12.670566546518646,10.180452863805664,15.148033238362503
2025-06-22,963.0,763.9533612637938,737.4140204398454,777.1596613041296,199.0466387362062,185.84033869587037,225.58597956015453,26.054815493831597,24.32613666211746,29.52876327253431
2025-06-23,1024.0,832.053783702359,801.4689157546615,850.128895406028,191.94621629764094,173.87110459397198,222.53108424533855,23.068967422219384,20.89661846380941,26.74479566154368
2025-06-24,934.0,835.0078857751205,801.7074469692495,843.6839449051414,98.99211422487951,90.31605509485856,132.2925530307504,11.855231059642891,10.816191874765357,15.843269900133457
2025-06-25,859.0,785.2810196179344,764.3228934628145,805.0209733516782,73.71898038206564,53.97902664832176,94.6771065371855,9.387592281032388,6.873848380365079,12.056461848937733
2025-06-26,886.0,776.2872967584309,752.8700255890984,788.2816620810923,109.7127032415691,97.71833791890771,133.12997441090158,14.133002523640428,12.587908925851739,17.149575288274963
2025-06-27,824.0,761.1019321435987,741.4217378853193,777.1952188271571,62.898067856401326,46.80478117284289,82.57826211468073,8.264079382803907,6.149607456785714,10.849829520482746
2025-06-28,844.0,747.162634557453,723.8538488914986,761.3153598489631,96.83736544254702,82.6846401510369,120.14615110850133,12.96068097676005,11.066484902582326,16.080321144494107
2025-06-29,851.0,772.2753860777354,748.1361994720507,790.2783671046002,78.72461392226455,60.721632895399864,102.86380052794921,10.19385252223231,7.8626917275967365,13.31957516480982
2025-06-30,960.0,822.7144492009834,800.4062365357165,843.6110601384916,137.28555079901662,116.38893986150843,159.59376346428348,16.686901625752135,14.146942474943142,19.39843935150042
2025-07-01,889.0,793.3619156897487,779.091743759148,821.0831093848931,95.63808431025132,67.9168906151069,109.90825624085193,12.054786399357674,8.560644174110623,13.853482763323434
2025-07-02,868.0,772.3568008691321,753.6959460997465,795.8879803122086,95.64319913086786,72.11201968779142,114.30405390025349,12.383292155029991,9.336620018965826,14.799384658959081
2025-07-03,859.0,744.5185139645866,735.04160748601,777.623398103115,114.48148603541335,81.37660189688496,123.95839251399005,15.376580150545285,10.93009782437132,16.649470790713767
2025-07-04,711.0,706.0110684150535,705.8939208945062,748.741976475534,4.988931584946499,-37.74197647553396,5.1060791054938015,0.7066364548853757,-5.34580520957867,0.7232293279702541
2025-07-05,795.0,710.1947276434565,696.8874700694495,739.7747671091835,84.80527235654347,55.22523289081658,98.11252993055058,11.941129531887878,7.776069117559212,13.814877259945897
2025-07-06,846.0,769.7923852742049,745.5746696556741,788.3802407001388,76.20761472579511,57.61975929986128,100.42533034432584,9.899762089572954,7.48510382826621,13.045768218212983
2025-07-07,962.0,847.911307886877,817.5634569082031,860.7761201828225,114.08869211312299,101.22387981717749,144.43654309179686,13.45526248463996,11.938026875646074,17.03439283664639
2025-07-08,909.0,819.1131176106321,798.456219470161,836.5637730356293,89.88688238936788,72.43622696437063,110.54378052983895,10.973683665519795,8.843250755850233,13.495545139393833
2025-07-09,879.0,788.539973671586,769.9235089462932,805.5008744757988,90.46002632841396,73.49912552420116,109.07649105370682,11.47183774428271,9.32091307711083,13.83271548629637
2025-07-10,864.0,757.3797854246673,746.3802292989213,782.0790214206535,106.62021457533274,81.92097857934648,117.61977070107864,14.077509939818391,10.816367185376214,15.529827038508632
2025-07-11,830.0,758.4488713446013,741.9287369401874,777.7532051009493,71.55112865539866,52.24679489905069,88.07126305981262,9.43387634403762,6.888637701632541,11.612023748374389
2025-07-12,876.0,736.4167129802787,720.4096514811255,755.8138325245932,139.5832870197213,120.18616747540678,155.5903485188745,18.95438880723221,16.32040193506925,21.128030607724842
2025-07-13,866.0,769.8703560427384,748.5758820668732,787.5234642780937,96.12964395726158,78.47653572190633,117.4241179331268,12.48647167704754,10.19347414872405,15.252453482779396
2025-07-14,923.0,834.1272009018509,815.6313367077091,854.7199924596582,88.87279909814913,68.28000754034177,107.36866329229082,10.654585895539752,8.185802772828657,12.871977220764984
2025-07-15,903.0,816.4702872783646,796.2770976725993,832.0209062159926,86.5297127216354,70.9790937840074,106.72290232740073,10.598023476160408,8.693408062724519,13.07125366229218
2025-07-16,851.0,789.6863776206077,771.8657356402921,805.1698442388573,61.313622379392314,45.830155761142734,79.13426435970796,7.764300375059714,5.803589508436614,10.020973718471154
2025-07-17,919.0,766.8182142453454,748.1555411262789,782.4715702567873,152.18178575465458,136.52842974321266,170.84445887372112,19.845875192782476,17.80453661727055,22.279655816712122
2025-07-18,869.0,757.2706015018867,740.840632833721,775.7486532262451,111.72939849811326,93.25134677375485,128.15936716627905,14.754223691837703,12.314137983015641,16.923853495976463
2025-07-19,806.0,737.1856884771225,720.7433677917111,754.1945601038252,68.81431152287746,51.80543989617484,85.25663220828888,9.334732428817764,7.027461426061385,11.565150211259791
2025-07-20,800.0,760.8726756327418,746.1520273359093,785.7689515528361,39.12732436725821,14.231048447163896,53.847972664090655,5.142427323299516,1.8703587213628556,7.077133190426463
2025-07-21,1003.0,839.0901949630354,820.8909793366255,859.7837696412028,163.9098050369646,143.21623035879728,182.1090206633745,19.534229576378895,17.068037645834533,21.70315202782187
2025-07-22,925.0,817.0554186195643,799.1695178660576,837.9717839798208,107.9445813804357,87.02821602017929,125.83048213394241,13.21141490779301,10.651445916265464,15.400483157744205
2025-07-23,895.0,793.8873137610594,775.224277453431,810.6595339213267,101.11268623894057,84.34046607867334,119.775722546569,12.736402822702491,10.623732690614295,15.087244810491903
2025-07-24,862.0,776.5147759012214,755.6958461309649,791.3217318381645,85.48522409877864,70.67826816183548,106.30415386903502,11.008834184715246,9.101986253874747,13.689907412986269
2025-07-25,822.0,761.2757354718441,747.2441464426229,781.5216346100524,60.72426452815591,40.47836538994757,74.75585355737707,7.97664521522134,5.317175302436087,9.819812989447621
2025-07-26,870.0,743.6611996708162,726.0946076373464,759.6837779325175,126.33880032918375,110.31622206748246,143.90539236265363,16.988757835571896,14.834204354928593,19.350934595801657
2025-07-27,811.0,767.9457229155176,751.985180636092,792.9079078197477,43.05427708448235,18.09209218025231,59.01481936390799,5.606421886305471,2.3559076690427294,7.684764378901328
2025-07-28,937.0,836.0502934917348,814.7590221889907,858.9828560522601,100.9497065082652,78.01714394773987,122.24097781100936,12.074597341106392,9.331632864083332,14.621246922894338
2025-07-29,877.0,813.411539482762,794.3980190602476,832.5509852398789,63.58846051723799,44.44901476012111,82.60198093975238,7.817501649616758,5.464517357153019,10.155004807563698
2025-07-30,908.0,793.6088545905894,773.1828091447074,807.8730484893099,114.39114540941057,100.1269515106901,134.8171908552925,14.41404600613021,12.61666259537188,16.98786374111748
2025-07-31,827.0,763.6456799510612,747.7986359759826,782.909095735553,63.3543200489388,44.090904264446955,79.20136402401734,8.296297839725737,5.773738452533713,10.37148066222191
2025-08-01,877.0,752.0924924146252,736.9954820151856,773.162889454842,124.90750758537479,103.83711054515797,140.00451798481433,16.607998197715535,13.806428277429612,18.61533247530817
2025-08-02,857.0,739.5737281907168,719.2717110696805,756.4135342312017,117.42627180928321,100.58646576879829,137.72828893031956,15.877561267157672,13.600600174761707,18.622658388265922
2025-08-03,888.0,775.894170857318,757.978232656197,797.4473523360182,112.10582914268196,90.55264766398186,130.02176734380305,14.448597934279043,11.670747257184113,16.757667762877574
2025-08-04,957.0,846.8522751402221,826.1291453048273,867.5784635686001,110.1477248597779,89.42153643139986,130.8708546951727,13.006722434741006,10.559283957357666,15.453799740161655
2025-08-05,890.0,807.549053266537,798.9976400432978,835.9355222197986,82.45094673346296,54.064477780201415,91.0023599567022,10.21002332922672,6.694884671279166,11.268957543643637
2025-08-06,903.0,783.8802452830677,773.8768531088302,808.7478126736444,119.11975471693233,94.2521873263556,129.12314689116974,15.196167454624002,12.02379928484103,16.472305261952606
2025-08-07,843.0,774.3497769171141,755.3107318887455,792.7658398165535,68.65022308288587,50.23416018344655,87.68926811125444,8.865531459981831,6.487269923863305,11.324245286202313
2025-08-08,863.0,768.0131776614409,747.2123452888081,782.9396813193392,94.98682233855914,80.06031868066073,115.78765471119183,12.367863612417294,10.424341796379084,15.076258855838784
2025-08-09,820.0,737.4742821566998,722.5525112742017,758.8504863586738,82.52571784330019,61.14951364132613,97.44748872579825,11.190318068036028,8.291748623761903,13.213679593113245
2025-08-10,869.0,795.205308075949,766.5094795618471,805.447972584871,73.794691924051,63.55202741512905,102.49052043815291,9.279954644996279,7.991901810728264,12.888560903364114
2025-08-11,958.0,856.1519707630703,834.0417645611686,875.5488957211984,101.84802923692973,82.45110427880165,123.95823543883135,11.896022285173826,9.630428603150293,14.47853181116315
2025-08-12,906.0,816.3212845384875,803.6900717774085,840.4325434079055,89.67871546151252,65.56745659209443,102.30992822259147,10.985713243066174,8.032065050118522,12.533046750144834
2025-08-13,858.0,792.42390620914,780.0326388094749,813.5070578157628,65.57609379086,44.492942184237215,77.96736119052517,8.275380547839362,5.614790497309206,9.839097556194584
2025-08-14,868.0,773.8285391425673,758.9702663269603,793.2628981449928,94.17146085743275,74.73710185500713,109.0297336730397,12.169551275761743,9.658095828026555,14.089650117304922
2025-08-15,789.0,766.1083375013746,749.0426073341526,783.3629675413639,22.89166249862535,5.637032458636141,39.95739266584733,2.988045081624539,0.7358009543429653,5.215632138421366
2025-08-16,780.0,737.6697466544645,723.2826965192978,759.8816590252968,42.33025334553554,20.118340974703234,56.71730348070215,5.738374596154296,2.727282915687603,7.688712155802885
2025-08-17,851.0,795.2636953877907,766.6350676718741,806.46819030031,55.736304612209324,44.53180969969006,84.3649323281259,7.008531250132183,5.599628143212953,10.608422441186308
2025-08-18,989.0,868.4121080163083,840.7844445195632,890.5200777724133,120.58789198369175,98.47992222758674,148.21555548043685,13.886021494926828,11.340229059281764,17.067421574648684
2025-08-19,934.0,824.8781463267758,806.7081597578018,849.8213026432527,109.12185367322422,84.17869735674735,127.29184024219823,13.228845273589727,10.20498575839345,15.431593237017522
2025-08-20,894.0,803.3830466670623,782.6077814969169,821.216530656116,90.61695333293767,72.78346934388402,111.39221850308303,11.279420658535642,9.059622261863202,13.865393222474378
2025-08-21,875.0,780.7894901209155,764.7310992917016,799.238089061398,94.2105098790845,75.76191093860203,110.26890070829842,12.066057634112719,9.703244203103873,14.12274397945877
2025-08-22,856.0,769.8604614432312,753.1069294945368,789.656717641466,86.1395385567688,66.34328235853404,102.89307050546323,11.188980714152528,8.617572362939972,13.365158448658747
2025-08-23,805.0,735.6271953131738,725.7950448989766,763.4162451240529,69.37280468682616,41.58375487594707,79.20495510102346,9.430429588358615,5.652830012387442,10.76699659904553
2025-08-24,883.0,775.7873380868518,766.8030230939734,805.5513831346136,107.21266191314817,77.44861686538636,116.19697690602669,13.819851994174384,9.983227756253447,14.977941918023166
2025-08-25,958.0,889.1896616519462,854.8991926429014,904.1783465354885,68.81033834805385,53.821653464511584,103.10080735709857,7.738544577792015,6.052887902961123,11.594917462890512
2025-08-26,905.0,849.1786097534921,821.181489536613,867.2096938120742,55.82139024650792,37.79030618792583,83.81851046338707,6.573574699757486,4.450218806017261,9.870539542643302
2025-08-27,884.0,819.5223517207528,793.1324859248798,834.6416538113082,64.4776482792472,49.358346188691854,90.86751407512023,7.867710763942356,6.022818790122568,11.087862812322998
2025-08-28,853.0,792.893962518172,770.6652756877747,808.9438298609539,60.106037481828025,44.0561701390461,82.33472431222525,7.580589627765072,5.556376037866022,10.384077594781566
2025-08-29,892.0,780.0048376207446,762.2298970857004,797.5665891071861,111.99516237925536,94.43341089281388,129.77010291429963,14.358265100108245,12.106772463215089,16.63708949679575
2025-08-30,784.0,741.6457851908874,732.3641098419718,769.0475709100804,42.35421480911259,14.95242908991959,51.6358901580283,5.710841436011305,2.016114618122057,6.962338516457431
2025-08-31,921.0,781.563195406357,770.8363389966937,807.7589829492704,139.43680459364305,113.24101705072964,150.16366100330626,17.840758804046022,14.489041668838103,19.21324620784272
2025-09-01,804.0,780.997325964445,778.7263423348047,841.38204027989,23.002674035554946,-37.38204027989006,25.273657665195238,2.9452948519572963,-4.786449202463963,3.2360748014066596
2025-09-02,978.0,791.7175095750986,769.978723302478,826.7828471735111,186.28249042490143,151.21715282648887,208.021276697522,23.528908754951765,19.09988739640791,26.27468436427073
2025-09-03,914.0,776.4613497797407,753.9377590580293,798.771802174845,137.53865022025934,115.22819782515504,160.06224094197069,17.71352176889101,14.840171742977537,20.614321754376526
2025-09-04,902.0,760.8020219474615,743.5071952495814,784.0944883712966,141.19797805253847,117.9055116287034,158.49280475041857,18.559096056436236,15.497528690433155,20.832332220242645
2025-09-05,842.0,765.6035050431003,741.7072688350672,781.8223716143284,76.39649495689969,60.177628385671625,100.29273116493279,9.978597858247642,7.860155810321673,13.09982654262884
2025-09-06,892.0,737.2102068030024,717.0699449794267,758.9960083058768,154.7897931969976,133.00399169412321,174.9300550205732,20.9966969757868,18.04152878877118,23.728653429688354
2025-09-07,884.0,782.6638263738763,766.9856717365998,810.3473408022782,101.3361736261237,73.65265919772189,117.01432826340016,12.947598983285028,9.410510198095988,14.950777628951354
2025-09-08,1032.0,868.9565196048968,831.7989057005665,886.4452422188399,163.0434803951032,145.5547577811601,200.20109429943346,18.763134485628456,16.75052255173158,23.039253378346515
2025-09-09,905.0,853.4812612604852,823.3301138640319,866.5806076420223,51.51873873951479,38.41939235797765,81.66988613596813,6.036305784081076,4.501492194595697,9.56903096095536
2025-09-10,906.0,827.6201507271566,800.2399992919857,840.2265570814355,78.37984927284344,65.77344291856451,105.76000070801436,9.470510016458396,7.947298390544891,12.778809290118469
2025-09-11,854.0,801.2907409811005,778.850410456715,817.127749216129,52.7092590188995,36.872250783870975,75.14958954328497,6.578044188350694,4.60160699457535,9.37856706683916
2025-09-12,876.0,786.6798146294119,768.889649274321,807.1244018747266,89.32018537058809,68.87559812527338,107.11035072567903,11.354071085790466,8.755226312463504,13.615494987136085
2025-09-13,843.0,761.2225207668392,747.0651418361291,783.4258696333363,81.77747923316076,59.57413036666365,95.93485816387087,10.742913800130333,7.826112436433167,12.602735145989659
2025-09-14,929.0,799.2506024749208,780.9955474091516,821.1881582593419,129.7493975250792,107.8118417406581,148.00445259084836,16.23388172912269,13.489116105363344,18.517903162355452
2025-09-15,986.0,894.8212242198521,863.6128599252902,913.7761776020749,91.17877578014793,72.22382239792509,122.38714007470979,10.189608081730734,8.071313067131735,13.677272818535652
2025-09-16,991.0,870.022683798633,846.2448574699018,888.3887034109686,120.97731620136699,102.61129658903148,144.75514253009817,13.905076092173157,11.794094395449221,16.638088319499698
2025-09-17,913.0,836.4812018998168,820.1382216530536,857.9718887027449,76.51879810018318,55.02811129725513,92.86177834694641,9.14770086003052,6.578523363379266,11.101478208480795
2025-09-18,913.0,811.2956812889316,797.4100712027318,832.7231090785755,101.70431871106837,80.27689092142454,115.58992879726812,12.536036004713772,9.894899328674601,14.247571072192406
2025-09-19,902.0,807.5266085123725,787.5916104245163,827.0369594784742,94.47339148762751,74.96304052152581,114.40838957548378,11.699105700264989,9.283042779187538,14.167754767393633
2025-09-20,841.0,785.4501632535321,767.637265446948,805.7844780084646,55.54983674646792,35.21552199153541,73.36273455305192,7.072356636398995,4.48348267516603,9.340215074775085
2025-09-21,918.0,825.8392224541391,803.4332002866803,846.2783118444066,92.16077754586092,71.72168815559337,114.56679971331965,11.15965130258497,8.684703536174835,13.872772883426693
2025-09-22,1033.0,901.8865881387325,878.874857118193,925.0367750104193,131.11341186126754,107.96322498958065,154.12514288180702,14.53768285121666,11.970820545451247,17.08919335410926
2025-09-23,944.0,877.2669243837744,860.5520765997919,900.3006835266801,66.73307561622562,43.69931647331986,83.44792340020811,7.606929403282982,4.981302185080774,9.512261442983856
2025-09-24,965.0,846.1061035634855,833.8652889296362,870.1047804419238,118.89389643651452,94.89521955807612,131.1347110703638,14.051889702222626,11.215522398244453,15.498613060238306
2025-09-25,921.0,827.5184317244577,812.9368092797813,850.0883579358048,93.48156827554226,70.91164206419528,108.06319072021871,11.296614636212624,8.569191856720725,13.058704987999707
2025-09-26,983.0,819.5192555672355,800.8590149819058,839.8478871386591,163.48074443276448,143.1521128613409,182.14098501809423,19.94837135579081,17.467815660079548,22.22534538154618
2025-09-27,884.0,801.1825150817732,782.9715492749267,822.452192906136,82.8174849182268,61.54780709386397,101.02845072507331,10.336906180456769,7.682120607385205,12.609917069241304
2025-09-28,903.0,832.0756024339728,810.4744720051623,853.5301151602345,70.92439756602721,49.469884839765506,92.52552799483772,8.523792472530191,5.945359375404959,11.119846288508363
2025-09-29,990.0,894.3759205403111,864.4799227583899,911.5734393811365,95.62407945968891,78.42656061886355,125.52007724161017,10.691709969329274,8.768858688803297,14.03437574278396
2025-09-30,983.0,875.4417893545885,856.7351838413177,897.5127022870023,107.55821064541146,85.4872977129977,126.26481615868225,12.286163620851111,9.765046488815942,14.422982509410458
2025-10-01,995.0,851.3937492993405,835.2344442426034,874.3217137208713,143.60625070065953,120.67828627912864,159.7655557573965,16.867195797343022,14.174203930724364,18.765178378262295
2025-10-02,968.0,836.5060519435298,815.2573359515675,853.2589610024739,131.49394805647023,114.74103899752602,152.7426640484325,15.719425789085268,13.716701598385074,18.259600596260086
2025-10-03,944.0,827.3118629863304,799.7451769155097,839.5098235072545,116.68813701366958,104.49017649274555,144.25482308449034,14.104492179341275,12.630083184782281,17.43657132677594
2025-10-04,858.0,803.8778478919617,781.1452369653197,821.5810303860377,54.122152108038335,36.418969613962254,76.85476303468032,6.732633851021625,4.530410896315286,9.560502660475018
2025-10-05,928.0,843.7220285755584,819.3998048562573,865.4162138286583,84.2779714244416,62.583786171341686,108.60019514374264,9.988831459897602,7.417583522976261,12.871560948466701
2025-10-06,1021.0,849.8785179102481,838.3454874630959,895.0354743009302,171.1214820897519,125.96452569906972,182.65451253690406,20.134816739517035,14.821474251261435,21.491837796539457
2025-10-07,1009.0,840.9622527064008,816.5239384901664,873.1532089856206,168.03774729359918,135.84679101437942,192.47606150983364,19.981604020015986,16.153732296211235,22.887598211501587
2025-10-08,942.0,827.8071364657264,810.7713781723065,862.0001476054379,114.19286353427356,79.99985239456218,131.22862182769353,13.794621778910148,9.664068944381997,15.852559859288766
2025-10-09,955.0,808.4555116955014,782.3449282354942,830.714784670609,146.5444883044986,124.28521532939097,172.65507176450578,18.126475258627895,15.37316692525711,21.35616236970316
2025-10-10,932.0,795.8706197488191,769.8454476862543,816.5480695753299,136.12938025118092,115.45193042467007,162.15455231374568,17.104461061038297,14.506369196177552,20.374486542162156
2025-10-11,953.0,806.1537105493745,784.7663463979458,824.9261696375207,146.84628945062548,128.07383036247927,168.23365360205423,18.21566874021497,15.887023614293112,20.868681915190464
2025-10-12,947.0,840.8972512966113,817.4981911328641,861.0749108632842,106.10274870338867,85.92508913671578,129.50180886713588,12.617801822967648,10.218262576578129,15.400431939508916
2025-10-13,826.0,925.0126689275385,889.9664720182783,945.3195365576704,-99.01266892753847,-119.31953655767038,-63.9664720182783,-10.703925714048216,-12.899232687916554,-6.915199560719656
2025-10-14,984.0,917.1900088783583,887.1082744279295,934.1631041125729,66.8099911216417,49.83689588742708,96.89172557207053,7.28420397899279,5.4336501057586934,10.563975254218096
2025-10-15,1017.0,892.2376672642681,862.6214179540124,906.8162518753401,124.76233273573189,110.18374812465989,154.37858204598757,13.983082906404473,12.34914778508505,17.302405817424745
2025-10-16,934.0,864.9606489006279,842.9504430772374,886.8301920532223,69.03935109937208,47.16980794677769,91.0495569227626,7.981790985187785,5.453405077644965,10.5264392129847
2025-10-17,951.0,845.5125328844208,822.9293532900352,864.4830794233438,105.4874671155792,86.51692057665616,128.07064670996476,12.47615653380256,10.23248233606997,15.147102110131781
2025-10-18,924.0,832.087314885789,807.6474753580301,847.9395915838068,91.91268511421094,76.0604084161932,116.35252464196992,11.046038494989762,9.140916710962374,13.983210963616274
2025-10-19,949.0,868.2440518854061,839.3146541517762,883.7750165032961,80.75594811459393,65.22498349670386,109.68534584822389,9.30106551714706,7.512286822474251,12.633008612041783
2025-10-20,1057.0,932.3589822682253,901.0805649002428,954.4919620907833,124.6410177317747,102.50803790921667,155.91943509975715,13.368350614111144,10.994481724178497,16.723111812623856
2025-10-21,990.0,882.0231648265344,867.3949842376601,914.657735336929,107.97683517346559,75.34226466307095,122.60501576233997,12.241950039339518,8.541982531477885,13.900430357342419
2025-10-22,925.0,859.6437829655223,844.5470326442016,890.8824771609967,65.35621703447771,34.117522839003314,80.45296735579832,7.602709206948216,3.96879771773696,9.358872704023854
2025-10-23,977.0,857.5258063426317,833.1464607685182,876.1605369922646,119.47419365736835,100.83946300773543,143.85353923148176,13.93243127771614,11.759350244841983,16.775418088584484
2025-10-24,893.0,832.0873298976006,815.7309904556163,855.6408928892068,60.912670102399375,37.359107110793104,77.26900954438374,7.320466003237362,4.489806029781831,9.286165858803873
2025-10-25,917.0,838.7620180242957,812.842924221173,856.1078045799794,78.23798197570432,60.89219542002062,104.15707577882698,9.327792662809639,7.25977024608866,12.41795330982786
2025-10-26,984.0,862.5557067594658,843.360268049491,883.649745667741,121.4442932405342,100.35025433225901,140.63973195050906,14.07958840093796,11.634060681050356,16.305002778183248
2025-10-27,1047.0,967.5555620526716,939.8954565557001,990.0453402743927,79.44443794732842,56.954659725607286,107.10454344429995,8.210839879705393,5.886448485167905,11.069601338147175
2025-10-28,1051.0,922.5286589914028,903.3476484909868,946.9186388114272,128.47134100859716,104.08136118857284,147.65235150901316,13.925999995388155,11.282181878486531,16.00517773295422
2025-10-29,1005.0,891.231031013375,875.7519804585603,918.5547081162213,113.76896898662505,86.44529188377875,129.24801954143967,12.765373402367281,9.699537928508397,14.502190233937222
2025-10-30,960.0,889.001369391549,862.6669746166311,904.6225447528288,70.99863060845098,55.377455247171206,97.33302538336882,7.986335348059578,6.229175471919992,10.948579916135063
2025-10-31,906.0,863.1746658002583,843.2882738067174,884.1977354332744,42.82533419974175,21.802264566725615,62.711726193282686,4.961375246114056,2.5258230379725646,7.265241749784441
2025-11-01,917.0,846.9694624601065,820.7716309274244,865.5867026371559,70.03053753989354,51.41329736284413,96.22836907257562,8.26836629227256,6.070265770091537,11.36149215971386
2025-11-02,974.0,868.2437933687148,846.9714558647083,892.5813636128296,105.75620663128518,81.41863638717037,127.0285441352917,12.180473668686966,9.377393424405918,14.630515657639352
2025-11-03,1018.0,1006.1448756944858,968.8374899986203,1021.4243635716887,11.85512430551421,-3.424363571688718,49.162510001379665,1.1782720949934051,-0.3403449795761342,4.886225750287256
2025-11-04,1038.0,952.1767131584304,926.5232124908481,973.3907760830353,85.8232868415696,64.60922391696461,111.47678750915188,9.01337804795586,6.785423653415312,11.707573391432387
2025-11-05,1044.0,901.170591585447,889.8889249595761,935.9160858061141,142.82940841455297,108.08391419388589,154.11107504042383,15.849319734598796,11.993724074343323,17.10120996839158
2025-11-06,957.0,879.6499739326076,861.8610947179639,909.3132618355337,77.35002606739238,47.68673816446626,95.1389052820362,8.793273274548904,5.4211038001030705,10.815541192675013
2025-11-07,1019.0,837.4463210747143,835.4017057456006,880.1031521878906,181.55367892528568,138.89684781210943,183.59829425439946,21.679440742218993,16.58576129797309,21.92358956437751
2025-11-08,943.0,849.95879227368,823.765626946523,874.9554952556587,93.04120772631995,68.04450474434128,119.234373053477,10.946555123858454,8.005623962347517,14.028253385616425
2025-11-09,970.0,878.6390737265484,852.4251083749743,901.4413595397599,91.36092627345158,68.55864046024014,117.5748916250256,10.398004027520075,7.802821717165867,13.381477689850323
2025-11-10,1130.0,944.886394387046,910.4616114476224,971.1138138558747,185.11360561295396,158.8861861441253,219.5383885523776,19.591096528915347,16.815374534755136,23.234368687760984
2025-11-11,834.0,892.4349441523416,866.3302608172479,922.4524947735414,-58.434944152341586,-88.4524947735414,-32.330260817247854,-6.54780995917239,-9.91136612849197,-3.6227022517541596
2025-11-12,996.0,906.054839447269,885.3797810547827,934.2097335343931,89.94516055273095,61.790266465606926,110.62021894521726,9.927121034704832,6.819704920212285,12.208998189634986
2025-11-13,979.0,882.6942213949517,859.4135706318908,909.0859942944047,96.30577860504832,69.91400570559529,119.58642936810917,10.910434924208865,7.920523779470064,13.547888551838787
2025-11-14,1014.0,864.3345084124808,841.6111446171714,891.1227610338775,149.66549158751923,122.87723896612245,172.38885538282864,17.31569087324873,14.216398601487114,19.944691980360062
2025-11-15,935.0,861.0382744200472,834.0657423622735,881.2123848440092,73.96172557995283,53.78761515599075,100.93425763772652,8.589830182609454,6.2468320809803055,11.722389194105318
2025-11-16,1058.0,900.5132203993523,866.2388768600747,916.9312630157976,157.48677960064765,141.0687369842023,191.7611231399253,17.488558305763316,15.665371011615163,21.29464829565574
2025-11-17,1120.0,975.6058290500164,950.8824108688357,999.477752423008,144.39417094998362,120.52224757699192,169.11758913116438,14.800462097544617,12.35358010256549,17.334622661678893
2025-11-18,1039.0,944.8051146918381,919.6360010530542,964.34330268964,94.19488530816193,74.65669731035993,119.36399894694578,9.96976877489544,7.901809182596382,12.633716423717507
2025-11-19,1096.0,910.678503509891,875.3532936276976,923.2333830491951,185.32149649010898,172.76661695080486,220.64670637230248,20.349826615633535,18.97119744069246,24.228825597825917
2025-11-20,991.0,854.2147271614233,836.2043248650896,885.2141568631845,136.7852728385767,105.78584313681547,154.7956751349104,16.012984614900937,12.383987277805952,18.121400885852232
2025-11-21,971.0,855.4990777481565,833.5732367124475,881.9805710612803,115.50092225184346,89.01942893871973,137.4267632875525,13.500999037411567,10.405555219654538,16.063928864691125
2025-11-22,959.0,844.0772788561028,827.0927153018735,875.0493120592841,114.9227211438972,83.9506879407159,131.90728469812657,13.615189511988875,9.945853305574845,15.627394315943192
2025-11-23,969.0,864.6284474661768,846.8184855053371,897.0929835666784,104.3715525338232,71.90701643332162,122.18151449466288,12.071260532739538,8.316522159784077,14.13110045739531
2025-11-24,1165.0,964.491375703767,937.2046568540269,987.5674241428079,200.50862429623305,177.43257585719212,227.79534314597316,20.789053105832757,18.39649169778462,23.618183519759953
2025-11-25,1089.0,970.6110260121719,933.0514188376327,980.8061980065869,118.38897398782808,108.19380199341313,155.94858116236733,12.197365454855593,11.146978459325306,16.067052298292317
2025-11-26,1011.0,937.4766297052645,906.8543312721091,956.030151341068,73.52337029473551,54.96984865893203,104.14566872789091,7.8426883364389255,5.86359669320121,11.109148263315483
2025-11-27,805.0,900.0362309344339,871.0481729481633,921.3708215132908,-95.03623093443389,-116.37082151329086,-66.04817294816327,-10.559156139277366,-12.929570778775492,-7.338390464525062
2025-11-28,958.0,892.8378905639375,867.8359113560971,911.3159637999511,65.16210943606245,46.684036200048915,90.16408864390287,7.2983136272257125,5.228724799141553,10.09859567977711
2025-11-29,1013.0,880.1714548284664,864.8051244595981,907.2798319924362,132.82854517153362,105.72016800756373,148.19487554040185,15.091212563513562,12.011315230413508,16.83704631949045
2025-11-30,1001.0,899.7947656767972,877.4429161018619,924.9140597301811,101.20523432320283,76.08594026981888,123.5570838981381,11.24759091558834,8.455921635928771,13.7316962279951
2025-12-01,1118.0,991.1687495858923,968.6740276924082,1021.2843761437998,126.83125041410767,96.71562385620017,149.3259723075917,12.796130877521858,9.757735390326593,15.065645720769517
2025-12-02,1038.0,972.1233311727034,947.2368093735495,996.4748779391973,65.87666882729661,41.52512206080272,90.76319062645052,6.776575226090653,4.2715899031771665,9.33659214998574
2025-12-03,980.0,938.1346692564725,917.2082249017595,965.2592576413704,41.865330743527466,14.740742358629687,62.79177509824047,4.462614176353617,1.5712821241658836,6.693258138301902
2025-12-04,974.0,908.4705183750065,886.6301448260564,931.5997089696205,65.52948162499354,42.40029103037956,87.36985517394363,7.213165457719752,4.667217061289071,9.617247165072929
2025-12-05,999.0,898.0462476051318,879.0794548692254,924.6786045198611,100.95375239486816,74.32139548013895,119.9205451307746,11.241487024091127,8.275898449365586,13.353493258345342
2025-12-06,1006.0,904.3459299548738,879.3116158044585,922.6403304483952,101.65407004512622,83.35966955160488,126.68838419554156,11.240617851865457,9.21767509428217,14.008841086050248
2025-12-07,957.0,908.287939927107,886.8402771666489,934.920440923886,48.712060072892996,22.07955907611404,70.15972283335113,5.363063620199812,2.4308986286756156,7.724392205293584
2025-12-08,1162.0,1023.3263582736555,994.1139191233681,1046.259229605748,138.6736417263445,115.74077039425187,167.88608087663198,13.551262566937686,11.310250093577746,16.40591777190755
2025-12-09,1131.0,988.9312347341023,967.1707085092088,1016.1363900218977,142.0687652658977,114.8636099781023,163.8292914907912,14.36588918177878,11.614923863638113,16.566297608634095
2025-12-10,1068.0,960.5017710558559,938.9601108808113,985.2140290596958,107.4982289441441,82.78597094030422,129.03988911918876,11.191882428907336,8.619033658761467,13.434633126947636
2025-12-11,988.0,922.3733664624212,903.1267235666372,948.1925158987348,65.62663353757875,39.807484101265246,84.87327643336278,7.114974903197455,4.315766862820302,9.201618294647563
2025-12-12,946.0,912.9808665056556,891.7337495016975,940.0772337199563,33.01913349434437,5.922766280043716,54.26625049830248,3.6166292970324623,0.648728412317393,5.943854081630562
2025-12-13,950.0,920.0313070133836,888.7820312333315,937.3971542234459,29.96869298661636,12.60284577655413,61.21796876666854,3.2573557832397118,1.3698279265588946,6.653900611860158
2025-12-14,989.0,916.584705983005,894.9534480614954,944.5630315868144,72.41529401699495,44.436968413185525,94.04655193850469,7.9005566582449225,4.848102758329186,10.260541259811122
2025-12-15,1183.0,998.3477047869847,967.2244133781459,1020.4961039825423,184.65229521301535,162.50389601745772,215.77558662185416,18.495790026623464,16.277284480974572,21.61327016501668
2025-12-16,1117.0,980.0451364537046,959.4941053588481,1009.943482098024,136.95486354629543,107.05651790197605,157.50589464115194,13.97434245139636,10.923631363486002,16.071289860290246
2025-12-17,1078.0,948.034296838152,929.2435236060355,978.1183686863768,129.96570316184796,99.88163131362316,148.7564763939645,13.708966394496974,10.53565589839361,15.691043761822906
2025-12-18,973.0,890.1629022769042,875.0050539830254,927.3253844087591,82.83709772309578,45.674615591240894,97.99494601697464,9.305835764578688,5.13104011349069,11.008653109034103
2025-12-19,1066.0,887.7524742419051,865.7432834170885,917.2645768511336,178.24752575809487,148.73542314886643,200.25671658291148,20.078516357874314,16.75415472943388,22.55771990429206
2025-12-20,977.0,875.9234821981858,851.4128347225786,900.467898714757,101.07651780181425,76.53210128524297,125.58716527742142,11.53942323228466,8.737304438189144,14.337686776275527
2025-12-21,1054.0,895.3737082544812,877.3844156074383,927.9435655450919,158.62629174551876,126.05643445490804,176.6155843925617,17.716210592642767,14.078639264565108,19.725348506923588
2025-12-22,1130.0,919.773021028506,897.7064600989015,956.3080602685272,210.22697897149396,173.6919397314727,232.29353990109848,22.856397629103594,18.88421771028328,25.255528765275574
2025-12-23,1132.0,922.8167113817237,889.857476531893,949.1504662297181,209.18328861827626,182.84953377028197,242.14252346810702,22.66791292770027,19.81428505954376,26.239503520211457
2025-12-24,1050.0,911.7165916006313,876.0136298271663,939.4454893925604,138.28340839936868,110.55451060743965,173.98637017283374,15.167367762452919,12.125973315166672,19.083383123189535
2025-12-25,894.0,909.1726567319266,858.0920734679613,925.2122061631837,-15.172656731926622,-31.21220616318368,35.90792653203864,-1.668842174209859,-3.4330339712786513,3.9495167684773698
2025-12-26,1063.0,879.2905847730714,845.5636895173296,907.1157518965165,183.70941522692863,155.8842481034835,217.4363104826704,20.892912810426672,17.72841092614614,24.72860670273032
2025-12-27,986.0,896.3559420576088,876.7606417317648,942.1620829988901,89.64405794239121,43.83791700110984,109.2393582682352,10.000944238358136,4.890681808889306,12.18705127535311
2025-12-28,1005.0,946.1471119908191,913.1835242817078,982.5915290907141,58.8528880091809,22.40847090928592,91.81647571829214,6.2202682081168765,2.368391830963319,9.704249429573176
2025-12-29,1136.0,955.7036131202635,936.3390916341023,1001.0516536541658,180.29638687973647,134.94834634583427,199.6609083658977,18.865303469041965,14.120313504439235,20.891509211106523
2025-12-30,1154.0,977.3281653557649,942.0166892180326,1005.0295071797195,176.6718346442351,148.9704928202805,211.9833107819674,18.077022734725283,15.24262761485571,21.6900851010266
2025-12-31,1048.0,967.4756574408609,927.3858493619366,985.0156518846875,80.52434255913909,62.98434811531253,120.61415063806342,8.323138875880328,6.510173938837585,12.466892547674899
2026-01-01,875.0,879.5861360213512,849.9035505255574,900.951555896857,-4.586136021351194,-25.951555896857073,25.096449474442544,-0.5213970336203514,-2.9504280290551463,2.853211123581574
2026-01-02,1044.0,853.5770842721895,829.249858895809,879.2344496268892,190.4229157278105,164.7655503731109,214.75014110419096,22.30881302186977,19.302949131255062,25.15884564629563
2026-01-03,996.0,872.7920190939916,861.1495620040909,913.8226458465053,123.2079809060084,82.17735415349462,134.8504379959091,14.116533860369781,9.41545664439043,15.45046643940347
2026-01-04,1011.0,905.7646594778853,890.0413490990155,946.2017505262095,105.23534052211471,64.79824947379053,120.95865090098447,11.618397717435352,7.153982968505587,13.35431335670673
2026-01-05,1142.0,1016.9291117311063,970.0181802258772,1036.0240601776961,125.07088826889367,105.9759398223038,171.9818197741228,12.298879717976309,10.421172783804193,16.91187889009886
2026-01-06,1142.0,999.0003791634613,972.302488480665,1032.3190720102625,142.99962083653872,109.68092798973744,169.697511519335,14.314270927132494,10.979067703816247,16.986731442628237
2026-01-07,994.0,967.4845210112534,942.3190635927681,996.4075107464226,26.515478988746622,-2.4075107464226155,51.68093640723195,2.740661831057678,-0.24884230126040563,5.341784316426372
2026-01-08,1048.0,951.0086770749209,922.7883520822319,976.2178394402005,96.99132292507909,71.78216055979956,125.21164791776818,10.198784223862353,7.548002693370224,13.166194056492708
2026-01-09,1039.0,926.894989520546,893.9056831316884,948.6530357827464,112.105010479454,90.3469642172536,145.09431686831164,12.094682973466329,9.747270752211886,15.653803128590049
2026-01-10,992.0,924.0633900450747,886.0611492204586,936.5781478170545,67.9366099549253,55.42185218294549,105.93885077954144,7.351942592554331,5.997624489835278,11.464457083877532
2026-01-11,987.0,939.682112529481,909.9361266299309,961.571996244149,47.317887470519054,25.428003755850977,77.06387337006916,5.0355207191447455,2.7060219000447576,8.201057819715752
2026-01-12,1148.0,841.781048904585,828.7901374711626,909.0522204651692,306.21895109541504,238.94777953483083,319.20986252883745,36.37750594336849,28.385977546747473,37.92077083990276
2026-01-13,1124.0,918.5295203408783,893.9603051983778,956.305742589014,205.47047965912168,167.694257410986,230.0396948016222,22.369502025680013,18.256817412765624,25.044344216204554
2026-01-14,1045.0,911.3500950821546,888.6695399284921,942.0766310452251,133.64990491784545,102.92336895477487,156.3304600715079,14.665045369397525,11.293505043799522,17.15372181504138
2026-01-15,1019.0,884.8893706070573,861.9351266879607,920.8491421782265,134.11062939294266,98.15085782177341,157.06487331203925,15.155637964205543,11.091878949166192,17.74966210796369
2026-01-16,996.0,892.884042331884,862.1432431670081,913.464494458931,103.11595766811604,82.53550554106897,133.8567568329919,11.548639328217265,9.243698131900382,14.99150511004849
2026-01-17,1013.0,883.1176798410391,857.8182741137331,908.0983909161383,129.88232015896085,104.9016090838617,155.1817258862669,14.707249455399833,11.878553841515657,17.57203251940325
2026-01-18,1038.0,918.9797395811553,893.067823326595,944.3560338373687,119.02026041884471,93.64396616263122,144.93217667340502,12.951347596965604,10.189992458953606,15.77098715358632
2026-01-19,939.0,1022.628737004936,979.3776288218962,1045.935842134671,-83.62873700493606,-106.93584213467096,-40.37762882189627,-8.17781996327103,-10.456956495068141,-3.9484152323113695
2026-01-20,1161.0,1015.6809175798784,978.3786329464386,1031.2792831618606,145.31908242012162,129.72071683813945,182.6213670535614,14.307552687548938,12.771798169373163,17.980190815113854
2026-01-21,1051.0,957.0525750908096,928.8344379929222,982.6832888469794,93.94742490919043,68.31671115302066,122.16556200707781,9.816328523046527,7.138240148043953,12.764770210820048
2026-01-22,1063.0,947.0038395637317,918.5668539782775,969.0396047355717,115.99616043626827,93.96039526442826,144.43314602172248,12.248752918436496,9.921860011435031,15.251590330220871
2026-01-23,1030.0,933.1041224879091,900.0070481210505,950.1720194620744,96.89587751209092,79.82798053792555,129.9929518789495,10.384251358116412,8.555098902047765,13.931237548533488
2026-01-24,1028.0,897.3049271256187,869.7277739940697,919.5734517458286,130.69507287438125,108.42654825417138,158.27222600593032,14.565290897604143,12.083578834399082,17.638622192004625
2026-01-25,1044.0,918.332455052513,894.7407641057516,940.2306778930215,125.66754494748704,103.76932210697855,149.2592358942484,13.68431925236716,11.29975550096884,16.253289870465625
2026-01-26,1139.0,1003.0660397714107,979.5576006745697,1029.8878044889102,135.93396022858929,109.11219551108968,159.44239932543024,13.551845525501726,10.877867576491308,15.895503686054974
2026-01-27,1091.0,986.9797231188466,962.4557765638712,1011.4711540245524,104.02027688115345,79.52884597544754,128.54422343612885,10.539251662886281,8.0577993764793,13.023998408997736
2026-01-28,1047.0,948.3423203346226,930.1680426940408,978.9345346101322,98.65767966537737,68.06546538986775,116.83195730595921,10.403171676506643,7.177309704564367,12.319597554682053
2026-01-29,1051.0,933.8720334506231,913.0918710127254,959.4364966144216,117.12796654937688,91.56350338557849,137.90812898727464,12.5421859049139,9.804716289367256,14.767347564495442
2026-01-30,1022.0,905.6265752541324,882.2229582140478,928.2636400034787,116.37342474586762,93.7363599965213,139.77704178595215,12.850045253277987,10.350442727480416,15.434291087000025
2026-01-31,993.0,884.3003813059597,866.515591306985,911.62693361303,108.69961869404028,81.37306638696994,126.48440869301501,12.292160106672082,9.201971197478837,14.30333078746605
2026-02-01,1038.0,915.6407225005948,895.9283961184759,943.633187874755,122.35927749940515,94.36681212524502,142.07160388152406,13.36324111549393,10.306096027220295,15.516086210487623
2026-02-02,1124.0,1030.9110018753565,1002.4029179741855,1054.0824671037083,93.08899812464347,69.91753289629172,121.59708202581456,9.029780257975993,6.7821114304826455,11.795109549186515
2026-02-03,1118.0,985.2629553674308,968.5133937472609,1019.202061631928,132.73704463256922,98.797938368072,149.48660625273914,13.472245547186745,10.027570592180401,15.172254821758886
2026-02-04,1062.0,959.131294274076,935.9047397416434,987.1059397028431,102.86870572592397,74.8940602971569,126.09526025835655,10.725195428409073,7.8085305676363,13.146819524202101
2026-02-05,1052.0,951.3241238595781,920.9070077593142,974.1182467617601,100.6758761404219,77.88175323823991,131.09299224068587,10.582710310338179,8.186668590119321,13.780055498733057
2026-02-06,1072.0,933.565047164628,902.9857648910295,948.4383383202996,138.43495283537197,123.56166167970034,169.01423510897055,14.828634946843708,13.235463565712422,18.1041734180485
2026-02-07,982.0,907.2418034469516,878.1262915029478,924.4238269549699,74.75819655304838,57.576173045030124,103.87370849705228,8.240162244399892,6.346287486563855,11.449396192106352
2026-02-08,1023.0,939.5162540292038,905.5406303248108,955.1171238803511,83.48374597079624,67.88287611964887,117.45936967518924,8.88582242327031,7.2253008746284895,12.502111503814193
2026-02-09,1146.0,986.2542003297906,961.2613036102877,1018.6673413081276,159.7457996702094,127.3326586918724,184.73869638971232,16.197223760040007,12.910734235584904,18.731346982140924
2026-02-10,1101.0,979.1167784836357,955.7534545979323,1002.9510351788567,121.8832215163643,98.04896482114331,145.24654540206768,12.448282390291137,10.01402151161094,14.834445552757446
2026-02-11,1087.0,955.0584724449142,930.9104625078464,972.9662221646776,131.94152755508583,114.03377783532248,156.08953749215354,13.815020897864025,11.939978663651896,16.34345351573816
2026-02-12,1033.0,945.1304018846092,918.5914449318202,957.6455621576788,87.86959811539077,75.3544378423212,114.4085550681798,9.297087252740681,7.97291439277193,12.105055010403518
2026-02-13,1024.0,907.4539598645403,885.6913744793742,927.4487030730543,116.54604013545975,96.55129692694571,138.30862552062578,12.843190430604007,10.639801157665163,15.241393132635814
2026-02-14,948.0,884.3746931875773,864.8566562998404,904.7272877350872,63.62530681242265,43.27271226491275,83.14334370015958,7.194383478239988,4.893029232772781,9.401370747107608
2026-02-15,1040.0,906.1138925454421,887.787524992157,929.4117952936188,133.88610745455787,110.58820470638125,152.21247500784295,14.775858593056878,12.20466937061504,16.798382218845564
2026-02-16,957.0,925.5612394872062,898.2274624684177,963.2806037537173,31.438760512793806,-6.280603753717277,58.772537531582344,3.3967239736845505,-0.6785724688727193,6.3499350474253236
2026-02-17,1090.0,952.9769554132025,919.5574949079561,975.1842111670446,137.02304458679748,114.81578883295535,170.4425050920439,14.37842161958528,12.048118076808292,17.885270375519365
2026-02-18,1047.0,936.6458776826032,898.4402701716899,944.3462213831225,110.35412231739679,102.65377861687753,148.55972982831003,11.78184038885953,10.959721391275192,15.860821401986865
2026-02-19,1056.0,922.2008607982166,884.2140477274656,927.4658004626727,133.79913920178342,128.53419953732723,171.78595227253442,14.508676459700196,13.937766163661319,18.627823891190477
2026-02-20,998.0,884.8794065246632,859.9261403425755,904.7243463810067,113.12059347533682,93.27565361899327,138.07385965742444,12.783729923110595,10.541058242651454,15.60369228160765
2026-02-21,966.0,872.7767053337545,845.527859033805,890.4189404937599,93.22329466624547,75.58105950624008,120.47214096619496,10.681230845935143,8.659839228561614,13.803317644703379
2026-02-22,998.0,899.3118132389208,881.4483571451393,930.4744361492602,98.68818676107924,67.52556385073976,116.55164285486069,10.973745180289395,7.508581879686729,12.960092499518444
2026-02-23,1105.0,995.4417530647577,962.2251895744246,1021.9155045638627,109.55824693524232,83.08449543613735,142.77481042557545,11.005992726137448,8.346494928541775,14.342859337173829
2026-02-24,1035.0,962.2544529224742,944.1082479192803,986.2479457517335,72.74554707752577,48.752054248266525,90.89175208071971,7.559907554242999,5.0664410125825965,9.445708648546265
2026-02-25,1059.0,937.9921160452556,919.3504499486751,958.4263996048098,121.00788395474444,100.57360039519021,139.64955005132495,12.900735718860364,10.72222235931222,14.88813686836865
2026-02-26,1017.0,922.2955947380176,904.6591795208217,943.6447083808388,94.7044052619824,73.35529161916116,112.34082047917832,10.268335423296001,7.953555458540174,12.180565658137969
2026-02-27,975.0,907.2981648186883,887.2603295615739,928.3185759412504,67.70183518131171,46.681424058749634,87.73967043842603,7.4619169096237545,5.1451028855633485,9.670434024955805
2026-02-28,969.0,884.8575045905169,864.3615490620671,907.826620914381,84.1424954094831,61.173379085618976,104.6384509379329,9.509157686176996,6.913359356535945,11.82545781609844
2026-03-01,988.0,893.6276622181235,882.4842483608121,927.3507450461761,94.37233778187647,60.64925495382389,105.51575163918785,10.560588237345918,6.7868596192829305,11.807574463091404
2026-03-02,1161.0,1006.5608551223748,977.8649679391276,1027.2248828056745,154.43914487762515,133.77511719432542,183.13503206087236,15.343249649704378,13.290315882397534,18.194134127996396
2026-03-03,1034.0,957.3150422708052,935.8012230305487,978.4138958621869,76.68495772919482,55.586104137813116,98.19877696945122,8.01042022146584,5.806458864989706,10.257728400100994
2026-03-04,979.0,933.9512401217256,912.4246141990762,954.5867583449856,45.04875987827438,24.413241655014467,66.57538580092378,4.823459506558715,2.613973899947131,7.128357770823961
2026-03-05,992.0,914.394002917844,897.4760893247563,938.9614037124163,77.60599708215602,53.038596287583715,94.52391067524371,8.487150706863147,5.800409464447144,10.337328369785519
2026-03-06,945.0,910.4432365084999,886.0417672442952,927.4174526015104,34.55676349150008,17.582547398489634,58.958232755704806,3.795597803990876,1.931207426606599,6.47577250195261
2026-03-07,976.0,887.5799344636154,864.8751537902432,906.9754445661689,88.42006553638464,69.02455543383105,111.12484620975683,9.961927044894146,7.776714271435638,12.519981794869224
2026-03-08,1031.0,890.8999579991375,877.1255867766498,920.3815716494393,140.10004200086246,110.61842835056078,153.87441322335025,15.725676125915596,12.41648148676508,17.27179486784746
2026-03-09,1151.0,983.6020808625125,964.475930695568,1009.0870333397991,167.39791913748752,141.91296666020096,186.52406930443206,17.01886590059851,14.427883940196493,18.96336668390033
2026-03-10,1070.0,944.9249483150542,923.1923374853711,966.1820487337225,125.07505168494583,103.81795126627757,146.80766251462887,13.236506445085801,10.986899166055556,15.536436282734352
2026-03-11,1096.0,915.4917507463739,895.6510952029076,936.2300499841905,180.5082492536261,159.76995001580946,200.3489047970924,19.71708091377808,17.451817548935164,21.88429383812074
2026-03-12,1016.0,910.8954051487973,886.7366615253972,929.1508327024673,105.1045948512027,86.8491672975327,129.26333847460288,11.538601935755025,9.534482972097729,14.190799266737695
2026-03-13,1013.0,899.6436360079292,870.2746657424069,913.253473694651,113.35636399207078,99.746526305349,142.72533425759312,12.60014070627758,11.08733750932351,15.864652240627331
2026-03-14,967.0,863.9133736932315,842.0460560713366,884.8851058233612,103.0866263067685,82.11489417663881,124.95394392866342,11.93251886657026,9.504991666652579,14.463712188466891
2026-03-15,1030.0,879.973697079806,859.5617035547477,902.5290578271447,150.02630292019398,127.47094217285532,170.4382964452522,17.0489531014457,14.485767312803532,19.368567152728758
2026-03-16,1098.0,981.2117450449053,955.9161819080387,1003.9738677696627,116.78825495509466,94.02613223033735,142.08381809196132,11.902451794413633,9.582654580437602,14.48044408451907
2026-03-17,1082.0,932.9170234989751,917.2062507921678,956.4709773637722,149.08297650102486,125.52902263622772,164.79374920783218,15.98030400837558,13.455539932739327,17.664352247508667
2026-03-18,1032.0,900.2546053977778,884.2460734509389,924.6228217938042,131.74539460222218,107.37717820619586,147.7539265490611,14.634237227146471,11.927423371386277,16.412459948902566
2026-03-19,1015.0,892.0817806956236,872.316849798941,914.4829929500963,122.91821930437641,100.51700704990363,142.683150201059,13.778806154804302,11.267689714672002,15.99440245151046
2026-03-20,982.0,879.5666712126896,860.8675002017002,900.6603457458526,102.43332878731042,81.33965425414735,121.13249979829979,11.645885654817043,9.247696270937768,13.771838311164082
2026-03-21,1003.0,856.1561816845281,838.5128742587514,875.6814056869191,146.84381831547194,127.31859431308091,164.48712574124866,17.151522287271202,14.870954276423666,19.212280336236365
2026-03-22,965.0,872.8926916918865,855.720155771211,896.6165064440647,92.10730830811349,68.38349355593523,109.27984422878899,10.551962364306918,7.834123736720803,12.519275882236688
2026-03-23,1086.0,975.1077125106016,949.7958422932331,995.3437439410745,110.89228748939843,90.65625605892542,136.20415770676692,11.372311598673033,9.297050458714303,13.96811408209286
2026-03-24,1036.0,930.8982206479561,911.068696035494,952.8090846785833,105.10177935204388,83.19091532141675,124.93130396450604,11.290362041823142,8.93662846014587,13.420511629890862
2026-03-25,1032.0,902.7577092382314,882.7095721232353,922.4007149894744,129.24229076176857,109.59928501052555,149.29042787676477,14.316387380488427,12.140498373922284,16.537153474185182
2026-03-26,966.0,882.4650266936878,865.68021905557,905.6486774331464,83.53497330631217,60.351322566853625,100.31978094442997,9.466094494338297,6.838947804307961,11.368131077136946
2026-03-27,981.0,857.0416589649935,844.9169817895361,883.4788017990096,123.95834103500647,97.52119820099041,136.08301821046393,14.463514082233154,11.37881655820114,15.878226780108283
2026-03-28,932.0,843.435367122776,826.8896869184575,866.2789289244031,88.56463287722397,65.72107107559692,105.11031308154251,10.5004646863868,7.792069628262356,12.462165706912073
2026-03-29,986.0,861.8703368995108,846.3242206677901,887.7332508332789,124.12966310048921,98.2667491667211,139.67577933220997,14.402359355704572,11.401569929906806,16.206124442648658
2026-03-30,1084.0,960.5448715400996,939.5081717813769,980.7608022433539,123.45512845990038,103.23919775664613,144.4918282186231,12.852614398113158,10.747982818451415,15.042694256120553
2026-03-31,1032.0,920.8803533980995,902.2428465106636,945.8711219760022,111.11964660190051,86.12887802399784,129.75715348933642,12.066675783869519,9.352884737542453,14.09055508791401
2026-04-01,1031.0,893.1323216118736,879.5939639970272,920.2614718789787,137.86767838812636,110.7385281210213,151.40603600297274,15.43642247089555,12.398893807937306,16.95225134498815
2026-04-02,974.0,876.3146307897657,861.6633292593527,901.2535695998209,97.68536921023428,72.74643040017905,112.33667074064724,11.147294108532318,8.30140543638047,12.81921661394669
2026-04-03,950.0,853.9010146649367,840.081195329292,879.6530578752036,96.09898533506328,70.3469421247964,109.91880467070807,11.254113027699313,8.238301737163285,12.87254644074164
2026-04-04,897.0,850.2425540815467,827.8470485305751,870.0301618293416,46.7574459184533,26.969838170658374,69.1529514694249,5.499306720652422,3.1720169781188936,8.133320443379322
2026-04-05,973.0,871.6038377579093,849.4324807098618,892.606064075972,101.39616224209067,80.39393592402809,123.56751929013824,11.6332854273473,9.223678515554878,14.177027903869728
2026-04-06,1045.0,959.3814484300264,930.9244783835138,975.8748226613083,85.61855156997365,69.1251773386918,114.07552161648623,8.924349299236876,7.2051817816376635,11.890528194303151
2026-04-07,1043.0,911.3840005077046,896.7172441015564,939.7420889602093,131.61599949229537,103.25791103979067,146.28275589844355,14.441333117431956,11.329791940857945,16.050617063384237
2026-04-08,940.0,888.9477871733693,873.2384776900556,911.9260957460149,51.052212826630694,28.073904253985123,66.76152230994445,5.742993408978935,3.158104970737717,7.510173631482826
2026-04-09,963.0,869.708560840933,854.5079208155619,894.2692460877765,93.29143915906695,68.73075391222349,108.49207918443815,10.72674725299498,7.902733973983974,12.474532742271236
2026-04-10,942.0,847.3457298354934,833.3204434156012,872.0251246883867,94.65427016450656,69.97487531161332,108.67955658439885,11.170678842375597,8.258125679726795,12.825881190845001
2026-04-11,905.0,829.0899602996296,812.7892346697756,853.4285046828875,75.91003970037036,51.57149531711256,92.21076533022442,9.155826669633871,6.220253264009473,11.121925212663273
2026-04-12,987.0,853.0904168047439,834.3288639176083,878.8143321802497,133.90958319525612,108.18566781975034,152.67113608239177,15.69699771060791,12.681617996010377,17.896243243972027
2026-04-13,1064.0,939.0026129036474,915.936499548767,959.9564418426334,124.99738709635255,104.0435581573667,148.06350045123307,13.31171877252047,11.080220302650295,15.768167033463417
2026-04-14,1051.0,908.026011256995,887.2732150702321,926.315144335443,142.97398874300495,124.68485566455699,163.72678492976786,15.745582942616782,13.731418937212355,18.03106771171877
2026-04-15,923.0,875.3593253171695,859.330012766973,896.846907075663,47.640674682830536,26.153092924336935,63.66998723302702,5.442413567202116,2.9876979850372725,7.27358301803176
2026-04-16,957.0,855.3472787522269,839.7990934026116,880.0162181298223,101.65272124777312,76.98378187017774,117.20090659738844,11.884380037551907,9.000295410126398,13.702142920049983
2026-04-17,930.0,837.04413573207,819.0505719076582,859.919722699386,92.95586426793,70.08027730061391,110.94942809234182,11.105252435301011,8.372351505613553,13.254907758873028
2026-04-18,937.0,817.6821073644549,800.2195774366111,841.578207970651,119.31789263554515,95.42179202934905,136.78042256338895,14.592210293084367,11.6697908844932,16.727823848837577
2026-04-19,927.0,831.7852974820258,816.121536060752,860.1437840892359,95.21470251797416,66.85621591076416,110.87846393924806,11.447028795316218,8.037677043962042,13.33017838556398
2026-04-20,1039.0,915.7576256288067,897.9159462659907,939.5869993510601,123.24237437119325,99.41300064893991,141.08405373400927,13.457968672285817,10.855820128243844,15.406265783168733
2026-04-21,1018.0,895.6646961698249,873.7318390488276,914.8432686323716,122.33530383017512,103.15673136762838,144.26816095117243,13.658605095559043,11.517338107526466,16.10738500335153
2026-04-22,1022.0,866.8380362126429,847.9302313540976,886.2529859291052,155.16196378735708,135.74701407089483,174.06976864590234,17.89976412032922,15.660020488255881,20.0810026064894
2026-04-23,924.0,851.7825511125725,831.8865286883586,871.1182520947301,72.21744888742751,52.881747905269904,92.11347131164138,8.478390264404839,6.20836243196076,10.814200313369366
2026-04-24,914.0,833.6361240080521,814.9475495973435,858.0958426424367,80.3638759919479,55.904157357563406,99.0524504026565,9.640162377508927,6.706062243174029,11.881976746211606
2026-04-25,918.0,823.030891675213,799.5239303918709,840.1361184130377,94.96910832478704,77.8638815869623,118.47606960812915,11.538948207823049,9.460626857939275,14.39509389094505
2026-04-26,945.0,844.6500448838866,818.3261586631875,862.3647305187731,100.34995511611339,82.635269481227,126.67384133681252,11.880654683432642,9.783373597356146,14.997198201087677
2026-04-27,1061.0,901.5170290149788,884.1572669153787,928.3057526510496,159.4829709850212,132.69424734895037,176.8427330846213,17.690511199691535,14.718995102503566,19.616127859264548
2026-04-28,998.0,874.1484590149903,859.2408187518756,901.4528798711153,123.8515409850097,96.54712012888471,138.7591812481244,14.168250222001003,11.044705179446995,15.873640205747352
2026-04-29,988.0,855.356387095752,838.8457036252279,878.1888883798297,132.64361290424802,109.81111162017037,149.15429637477212,15.507408947353705,12.838053620318343,17.43767844900364
2026-04-30,910.0,840.3990048471771,821.3493133345354,865.5867685088772,69.60099515282286,44.413231491122836,88.65068666546456,8.281898806565042,5.284779162631111,10.548642508398174
2026-05-01,943.0,859.2822887625067,822.9808708482742,867.2181962377217,83.71771123749329,75.78180376227829,120.01912915172579,9.742748376445551,8.81919769013455,13.967369131344608
2026-05-02,856.0,844.0881455862691,802.0331554056377,842.4960365577546,11.911854413730907,13.50396344224542,53.96684459436234,1.411209774241933,1.5998285857771548,6.3935081752485905
2026-05-03,990.0,867.0533301200696,822.3416850217787,866.7563535958401,122.94666987993037,123.24364640415989,167.65831497822123,14.179827884739765,14.214079125570407,19.336563179453318
2026-05-04,999.0,929.5226156370204,903.5435114349309,949.0413598004158,69.47738436297959,49.95864019958427,95.45648856506911,7.474523286920282,5.374655695208299,10.269410013187347
2026-05-05,994.0,888.8669896302248,873.5618320503686,914.4987854410749,105.1330103697752,79.50121455892504,120.4381679496314,11.827755063050695,8.944106990855643,13.549627711985858
2026-05-06,1004.0,855.8508458974715,842.0954673516335,882.1014245183953,148.14915410252854,121.89857548160464,161.90453264836654,17.310160387488406,14.242969562503388,18.91737718370641
2026-05-07,996.0,834.5195995702599,823.6763608910549,864.1427671767328,161.48040042974014,131.85723282326717,172.32363910894517,19.35010280320502,15.800375795987025,20.649441810316276
2026-05-08,981.0,823.7875795573046,812.2831183937309,854.1525799016222,157.21242044269536,126.84742009837787,168.71688160626914,19.084096961886676,15.398073878043224,20.48062944781663
2026-05-09,901.0,793.689419301341,783.5542718768892,824.892137912898,107.31058069865901,76.10786208710208,117.44572812311078,13.520475149224117,9.589123936425578,14.797441576894707
2026-05-10,924.0,818.1314082338561,801.7885487834474,844.7654259037894,105.86859176614394,79.23457409621058,122.2114512165526,12.940291828508101,9.684822425685683,14.937875503444731
2026-05-11,1036.0,910.3756667060073,886.523899892724,930.7058876111628,125.62433329399266,105.2941123888372,149.47610010727598,13.79917520736648,11.566006895792881,16.41916689712524
2026-05-12,1023.0,879.2560877582744,861.3058385504005,898.5270950278797,143.74391224172564,124.47290497212029,161.69416144959953,16.348355643258714,14.156615655567741,18.38988250418035
2026-05-13,938.0,850.1820528373459,829.2244915766387,868.7293391420444,87.81794716265415,69.27066085795559,108.77550842336134,10.329310865781732,8.1477444303577,12.79437834053784
2026-05-14,973.0,819.8369162316719,805.9249625656996,846.6280337111733,153.16308376832808,126.37196628882673,167.07503743430036,18.68214040328074,15.414281034048505,20.37905760602366
2026-05-15,896.0,810.5534104429922,792.7965266533514,835.77076108521,85.44658955700777,60.22923891478997,103.20347334664858,10.541759303721712,7.430631731211006,12.732470435260366
2026-05-16,873.0,778.4311230046532,766.4587115172432,805.7414150770875,94.56887699534684,67.25858492291252,106.5412884827568,12.148650561442357,8.640274384624067,13.68666865110941
2026-05-17,888.0,805.8146358383052,789.1966643302258,829.6677314814868,82.18536416169479,58.33226851851319,98.80333566977419,10.199040884408324,7.238918967738648,12.261298228591627
2026-05-18,1034.0,900.947814649103,870.6111126311149,922.1154479005038,133.05218535089705,111.88455209949616,163.38888736888504,14.768023540044615,12.4185385968301,18.13522211966528
2026-05-19,1020.0,877.140553773124,853.077494451871,894.1062052703099,142.859446226876,125.89379472969001,166.922505548129,16.286950319689264,14.35275044440061,19.030303048934645
2026-05-20,912.0,849.7849684973058,828.4553195591532,866.4513164705446,62.21503150269416,45.548683529455396,83.5446804408468,7.321267592284013,5.360024620110681,9.83127303235085
2026-05-21,916.0,827.4484880196385,808.2972356693317,847.2450774548184,88.55151198036151,68.75492254518159,107.70276433066827,10.701755246697587,8.309269222273299,13.016250061491691
2026-05-22,905.0,817.3021323105592,798.3679019439188,838.4100718676431,87.69786768944084,66.58992813235699,106.63209805608116,10.730165042089642,8.147528985896992,13.046839576280831
2026-05-23,876.0,782.3675892870052,767.6051279106608,805.8107810051469,93.63241071299478,70.1892189948531,108.39487208933913,11.967828421717313,8.971386335011477,13.854724246453332
2026-05-24,904.0,805.3389434757107,789.4832326871407,829.828614241029,98.66105652428928,74.17138575897106,114.51676731285929,12.250873663017506,9.209958907346454,14.21969820789042
2026-05-25,792.0,804.3880828426625,785.1763860061976,849.9275218125701,-12.38808284266247,-57.92752181257018,6.823613993802384,-1.5400629505702867,-7.201439584716068,0.8482987427770081
2026-05-26,962.0,826.180433886376,793.4158426882018,850.7094233031188,135.81956611362398,111.29057669688117,168.5841573117982,16.439455661607102,13.470492901092703,20.405246892470398
2026-05-27,945.0,803.4717905338509,774.3463981740372,821.3081599715883,141.52820946614906,123.69184002841166,170.65360182596282,17.614583502939592,15.394671161538485,21.239526245541914
2026-05-28,972.0,788.761605711342,763.0751759294624,807.0495485438931,183.23839428865801,164.95045145610683,208.92482407053765,23.231150319925256,20.91258629498666,26.487702058230827
2026-05-29,936.0,793.3642659672669,756.4455300395595,801.862316358024,142.63573403273313,134.1376836419759,179.55446996044049,17.978593207602078,16.907452149793478,22.632033942381856
2026-05-30,833.0,760.9033073721221,734.4379907207405,776.603078662875,72.09669262787793,56.39692133712501,98.56200927925951,9.475145124138464,7.411838112768766,12.953289639344078
2026-05-31,911.0,787.7453835173898,769.4041271297122,813.5674836456028,123.25461648261023,97.43251635439717,141.59587287028785,15.646504449478545,12.368529018773526,17.9748273786186
2026-06-01,1016.0,882.7727483865855,843.1025025518387,901.8811505403779,133.22725161341452,114.11884945962213,172.89749744816126,15.091908065457341,12.927319026124602,19.585731182137227
2026-06-02,961.0,851.6505581906124,834.9642026279424,877.9577632957029,109.3494418093876,83.0422367042971,126.03579737205759,12.83970764273409,9.750740594913221,14.799003671156974
2026-06-03,882.0,829.2356612703682,809.3178309062836,850.6131204369982,52.764338729631845,31.38687956300174,72.68216909371645,6.363008876004947,3.7850373577660457,8.764959406397114
2026-06-04,923.0,809.4222023956687,789.954423756265,831.2286325258691,113.5777976043313,91.77136747413094,133.045576243735,14.03195974463908,11.33788611215664,16.437104869369335
2026-06-05,901.0,805.0964134815498,779.9344173941732,821.2217532180188,95.9035865184502,79.77824678198124,121.0655826058267,11.912062321048706,9.909154412573905,15.037401804125803
2026-06-06,814.0,765.3061326657192,748.4649051076585,788.6329837287389,48.69386733428075,25.367016271261104,65.5350948923415,6.362665246738578,3.3146234151949825,8.563252284947623
2026-06-07,856.0,789.7807306576341,771.772557999471,812.7287314133548,66.21926934236592,43.27126858664518,84.227442000529,8.384513165727213,5.4788964717604705,10.664661561240491
2026-06-08,996.0,860.9595945646103,841.0254935304738,887.3726280751213,135.04040543538974,108.62737192487877,154.97450646952623,15.68487142578161,12.617011600853573,18.00020668192882
2026-06-09,939.0,835.7809723806888,823.5233096564994,865.6292438776915,103.21902761931119,73.37075612230855,115.47669034350065,12.350009276389232,8.778706209751926,13.816621119594275
2026-06-10,851.0,806.6596440850919,791.7402825379249,833.2935028468862,44.34035591490806,17.70649715311381,59.25971746207501,5.496786189818458,2.195039417547211,7.34630992099363
2026-06-11,925.0,783.4842388926912,773.0071933888972,813.7112288530486,141.51576110730878,111.28877114695132,151.99280661110274,18.062362212584507,14.204340766859234,19.399599770624132
2026-06-12,884.0,789.9597060115535,769.6524433387494,811.4061990502638,94.04029398844648,72.59380094973618,114.34755666125054,11.904441868718694,9.189557441639241,14.475112564738605
2026-06-13,823.0,787.7971389135814,752.7206781574134,799.4497086703507,35.20286108641858,23.55029132964936,70.27932184258657,4.468518524320283,2.9893852321076713,8.920992267058228
2026-06-14,865.0,790.5374911764841,771.5092585932643,813.4407043423736,74.46250882351592,51.55929565762644,93.49074140673562,9.419225483246876,6.522055719444183,11.826224872346277
2026-06-15,1022.0,813.8306653055389,793.1626159275926,850.135768337973,208.1693346944611,171.86423166202695,228.8373840724074,25.578949475479334,21.117935092492914,28.118550188385232
2026-06-16,969.0,845.3861266653306,805.1824202975355,851.555919028897,123.61387333466939,117.44408097110293,163.8175797024645,14.62217907718343,13.89235962912796,19.377841028531122
2026-06-17,905.0,791.7182709762371,770.3271680333838,817.0360648151542,113.28172902376286,87.96393518484581,134.67283196661614,14.308338354258208,11.110509686277782,17.010196291233278
2026-06-18,898.0,787.3674127349307,755.0705075982145,797.6720573599458,110.63258726506933,100.32794264005422,142.9294924017855,14.05094819466628,12.742201546234158,18.152833110697088
2026-06-19,708.0,763.3209793809139,741.249004658792,783.3000869102451,-55.320979380913855,-75.30008691024507,-33.249004658792074,-7.247407168840237,-9.864799860645343,-4.355835298246151
2026-06-20,839.0,736.6751436416445,716.9525334004725,758.6931899642013,102.32485635835553,80.3068100357987,122.0474665995275,13.890092158197135,10.90125148499159,16.567338758873266
2026-06-21,908.0,761.4326565153066,740.9456753425358,785.8289602360577,146.56734348469342,122.17103976394235,167.05432465746424,19.24889118303098,16.04489099837898,21.939474650586654
2026-06-22,1014.0,849.5850108779348,815.0703786897149,869.583585145276,164.4149891220652,144.41641485472402,198.92962131028514,19.352388167979075,16.99846548675436,23.41491654904757
2026-06-23,908.0,855.0575479104,818.2247007435136,867.8928426068818,52.94245208960001,40.107157393118165,89.77529925648639,6.1916829129198865,4.690579890339841,10.499328317243718
2026-06-24,879.0,806.739740526197,782.7411364729223,829.6076352727853,72.26025947380299,49.39236472721471,96.25886352707766,8.957072007717278,6.122465802291887,11.931836091809819
2026-06-25,923.0,795.1319184991472,765.3809001602223,809.2970177134456,127.86808150085278,113.70298228655444,157.6190998397777,16.08136694376581,14.299889067612167,19.823012530712127
2026-06-26,861.0,779.8645434459295,758.1336231795715,799.1870671331742,81.13545655407052,61.81293286682579,102.86637682042851,10.403788354778037,7.926111449264968,13.190287683281573
2026-06-27,835.0,762.625112895595,738.757738469982,781.0379278100257,72.37488710440505,53.96207218997431,96.24226153001806,9.49023129196551,7.075832053980869,12.61986523950121
2026-06-28,876.0,801.2729078682767,771.9225261467343,817.2713976952637,74.72709213172334,58.72860230473634,104.07747385326566,9.326047517384417,7.329413203421435,12.989016954305315
2026-06-29,984.0,841.8239274392876,818.1548180600602,867.8996830208096,142.17607256071244,116.10031697919045,165.84518193993986,16.88905101488294,13.791520197382798,19.70069708572172
2026-06-30,916.0,824.7435839485078,803.6341886076024,851.4086062176686,91.25641605149224,64.59139378233132,112.36581139239766,11.064822791903012,7.831694000345692,13.624332893193278
2026-07-01,891.0,775.2074700899617,764.534575211829,810.2143789119092,115.7925299100383,80.78562108809076,126.46542478817108,14.936972923725921,10.42116132842679,16.313752081555013
2026-07-02,912.0,762.7526208350998,751.8637744896407,798.9056987450722,149.24737916490017,113.09430125492784,160.1362255103593,19.566944129473676,14.827127192444982,20.994516588488956
2026-07-03,688.0,774.5858712912632,754.8704913027245,799.0616368881989,-86.58587129126317,-111.06163688819889,-66.87049130272449,-11.178343744757612,-14.338195544808356,-8.633063651322342
2026-07-04,870.0,702.9244707075364,705.2525453204953,753.753142874191,167.07552929246356,116.24685712580899,164.74745467950473,23.768631802545134,16.53760282506589,23.437433400728864
2026-07-05,896.0,757.0200132950459,743.4340482030773,791.2492353038929,138.97998670495406,104.75076469610717,152.56595179692272,18.358825957588927,13.837251704900556,20.153489883689595
2026-07-06,954.0,873.6874018115413,834.3484912935891,884.3011392248517,80.31259818845865,69.6988607751483,119.65150870641095,9.192372239995109,7.977551310758478,13.695002177932327
2026-07-07,858.0,836.4120655284717,810.062060785092,857.4788078945958,21.587934471528342,0.521192105404245,47.937939214908084,2.5810166258049376,0.06231283919546751,5.7313782512952365
2026-07-08,827.0,806.7432380813228,785.5687006067369,828.4800758078156,20.25676191867717,-1.4800758078156362,41.431299393263124,2.5109304872333134,-0.1834630571352169,5.135624004955922
2026-07-09,854.0,780.2729459784675,765.803884451619,806.6063000815183,73.72705402153247,47.39369991848178,88.19611554838104,9.448879959445248,6.0739898983745695,11.303238950285854
2026-07-10,829.0,778.766172353448,759.2302680924336,801.946947653145,50.23382764655196,27.053052346854965,69.7697319075664,6.450437811743191,3.4738350620828924,8.959009056174175
2026-07-11,803.0,755.3983866682167,738.6469958717236,779.6905951260103,47.601613331783255,23.309404873989706,64.3530041282765,6.3015243574634034,3.0857101743093307,8.519081489187952
2026-07-12,889.0,783.9590423998802,763.0845750370449,807.2720637306782,105.04095760011978,81.7279362693218,125.91542496295509,13.398781303493237,10.425026289528299,16.06148002037183
2026-07-13,968.0,852.5429172933781,831.3441048982735,878.0639774369131,115.45708270662192,89.93602256308688,136.65589510172646,13.542671033286021,10.549148991655747,16.029210064353894
2026-07-14,888.0,834.3001597168767,810.8010644428508,855.0041346700343,53.69984028312331,32.99586532996569,77.19893555714923,6.436513244986862,3.954915379755288,9.253136854647975
2026-07-15,913.0,808.1830735734152,787.6790575307547,827.8349656832755,104.81692642658481,85.16503431672452,125.32094246924535,12.969453314968895,10.537839395740344,15.506504227455986
2026-07-16,844.0,789.2480996049289,767.1400315541008,808.1991369461805,54.75190039507106,35.80086305381949,76.85996844589917,6.9372229622697885,4.536072126336472,9.738378652336658
2026-07-17,859.0,775.8205664260112,757.3196072906622,798.6490522982534,83.17943357398883,60.35094770174653,101.68039270933774,10.72147828681228,7.7789827072729585,13.10617391567111
2026-07-18,793.0,755.7480604913497,736.8894178912482,776.8059485008635,37.25193950865025,16.1940514991366,56.11058210875182,4.92914788089974,2.142784394128386,7.424508912701875
2026-07-19,847.0,778.1993934854248,762.5034806635633,807.2901829284243,68.80060651457518,39.70981707157566,84.49651933643668,8.840999760540647,5.10278180682229,10.85795235048834
2026-07-20,940.0,857.6445053996691,837.7609288132595,882.2764227459403,82.35549460033087,57.723577254059734,102.23907118674049,9.602521100738885,6.730478291487461,11.920914847941138
2026-07-21,854.0,836.7339114657332,816.937925956303,859.1023832881584,17.266088534266828,-5.102383288158441,37.062074043696896,2.0635100714420997,-0.6097975973294109,4.429373966542612
2026-07-22,897.0,812.3888491568443,791.3968208688157,833.1787276143655,84.61115084315566,63.82127238563457,105.60317913118436,10.415104900931519,7.856000541104533,12.99909264397055
2026-07-23,921.0,791.9239552957388,768.3269825136341,812.8984791225937,129.07604470426122,108.10152087740629,152.6730174863659,16.299045361755553,13.650492595218502,19.278747216246433
2026-07-24,809.0,779.6849307444145,762.8172385108516,804.3762837699231,29.315069255585513,4.62371623007683,46.18276148914846,3.7598609514738937,0.5930236750455439,5.923259469059491
2026-07-25,829.0,761.4057611231585,740.9435084270077,781.9300418929657,67.59423887684147,47.06995810703423,88.0564915729923,8.877558107405495,6.181980818952668,11.564988875721026
2026-07-26,939.0,788.0238496844588,767.8331298910371,816.3051207378257,150.9761503155412,122.69487926217428,171.16687010896294,19.15883007551043,15.56994490855878,21.721026613281023
2026-07-27,1013.0,854.2738136675734,832.2288961721606,881.0657806707181,158.72618633242655,131.9342193292819,180.7711038278394,18.580247198609815,15.44402008096925,21.1607918837816
2026-07-28,962.0,834.3090402549931,811.8607399864458,858.6742883902605,127.69095974500692,103.3257116097395,150.1392600135543,15.304995341531988,12.384584922891364,17.99564103580451
2026-07-29,902.0,811.7028893264534,787.8089354664648,831.258236453537,90.29711067354663,70.74176354646299,114.19106453353518,11.124404244572133,8.715228746464623,14.06808649261928
2026-07-30,882.0,790.4727840031162,767.3159169418318,810.9422447937147,91.5272159968838,71.05775520628522,114.68408305816816,11.57879408995857,8.989272830676622,14.508289896760827
2026-07-31,860.0,770.6716354953182,752.9118602581893,796.6749072154071,89.32836450468176,63.32509278459298,107.0881397418107,11.590976025382009,8.216870826430938,13.895430272710648
2026-08-01,803.0,751.1232034167336,730.8052290681885,775.9525056308203,51.876796583266355,27.047494369179745,72.19477093181148,6.906562911022784,3.6009397987101477,9.611575118889892
2026-08-02,878.0,793.8053313420832,773.274245686781,820.2347782189959,84.19466865791685,57.765221781004115,104.72575431321903,10.606462987036041,7.277000985032529,13.192876159720376
2026-08-03,950.0,870.2400663902926,842.172607036962,889.3806018794302,79.75993360970745,60.619398120569834,107.82739296303806,9.165279408536914,6.965824772009835,12.3905341902149
2026-08-04,898.0,825.5984028116843,815.0453857962499,857.5524656316858,72.40159718831569,40.44753436831428,82.95461420375011,8.769590268312353,4.899177884860831,10.047816701345015
2026-08-05,940.0,801.7869083825387,788.3747874526217,830.4216565547262,138.21309161746126,109.57834344527389,151.62521254737825,17.238132747300824,13.666766356453552,18.910911485603442
2026-08-06,891.0,783.5159718000646,768.5103684343491,810.2387007926188,107.48402819993544,80.7612992073812,122.48963156565094,13.718166836216444,10.307549828478754,15.633329245891556
2026-08-07,899.0,785.9969907581531,762.0930352917113,804.72323140696,113.00300924184694,94.27676859303996,136.9069647082887,14.377028229185337,11.994545742739161,17.418255580881
2026-08-08,865.0,760.1000709499973,740.2091259801903,785.1454017772128,104.8999290500027,79.85459822278726,124.79087401980969,13.800805059641084,10.505800653719508,16.417690089653863
2026-08-09,923.0,813.3282924158283,782.5945095945472,828.7241974303005,109.67170758417171,94.27580256969958,140.40549040545278,13.484309916038201,11.59135904269016,17.26307712577002
2026-08-10,989.0,873.8956290592173,847.8077125246118,895.2766463910841,115.1043709407827,93.72335360891587,141.19228747538816,13.171409389551133,10.724776562827385,16.15665335543412
2026-08-11,919.0,835.6790800407676,818.8285545651307,861.1410092741841,83.32091995923236,57.85899072581593,100.17144543486933,9.970444629913153,6.923589701801957,11.986831766804855
2026-08-12,893.0,810.8443226406619,795.0920985830707,836.0214054303202,82.15567735933814,56.97859456967977,97.90790141692933,10.13211476794747,7.027069559310549,12.074808774398823
2026-08-13,851.0,792.3615250772232,771.6958769525204,814.7367437655289,58.63847492277682,36.26325623447111,79.30412304747962,7.400469743538084,4.576604881330766,10.008578223147657
2026-08-14,880.0,784.7552173536901,764.602183942371,806.2523813565531,95.24478264630989,73.74761864344691,115.397816057629,12.136877913024815,9.397531486586953,14.70494410305004
2026-08-15,826.0,756.5540683994601,741.2997673898319,784.1110375339937,69.4459316005399,41.88896246600635,84.70023261016811,9.179242370272005,5.536810152197741,11.195529328043536
2026-08-16,920.0,814.1277221587457,782.2657428280548,829.8452727688076,105.87227784125434,90.15472723119234,137.7342571719452,13.004381862900185,11.073781763890505,16.91801586202325
2026-08-17,964.0,893.4906550579394,861.1755227718099,912.3010782746384,70.50934494206058,51.69892172536157,102.82447722819003,7.891447385925746,5.78617374817525,11.508176011255793
2026-08-18,884.0,843.9201679145104,822.88134748244,872.2360638860947,40.07983208548956,11.763936113905288,61.11865251756006,4.749244491281035,1.3939631449946557,7.242231533415778
2026-08-19,926.0,813.9437294563418,794.4554014856718,839.7698733848515,112.05627054365823,86.2301266151485,131.54459851432813,13.767078298951215,10.5941140025422,16.161387299118434
2026-08-20,845.0,799.1304536034739,777.0566113801667,820.1764435744424,45.86954639652606,24.823556425557587,67.94338861983323,5.739932221289916,3.106320915893284,8.502164861001097
2026-08-21,857.0,789.0352458768576,769.7327460820322,813.1584506981615,67.96475412314237,43.84154930183856,87.26725391796774,8.613652492495808,5.5563486588127375,11.059994388588729
2026-08-22,845.0,758.7269570289004,744.849684069074,788.0990789127728,86.27304297109958,56.900921087227125,100.15031593092597,11.370762851096826,7.499525430076386,13.199783532550981
2026-08-23,938.0,794.9296531372796,783.7843902522914,827.7397864204927,143.07034686272038,110.26021357950735,154.21560974770867,17.997862615651222,13.870436603333765,19.3999065375256
2026-08-24,1031.0,902.6958493572179,868.9769733975891,924.3414018255464,128.30415064278213,106.65859817445356,162.02302660241094,14.213441962112,11.815563154566613,17.94879490337555
2026-08-25,985.0,868.177877588579,837.7162996664154,889.3956987920957,116.82212241142099,95.60430120790437,147.2837003335847,13.4560123480573,11.012063734387194,16.9646916992028
2026-08-26,947.0,831.3562694583813,805.1318878126809,852.5563788613939,115.64373054161865,94.44362113860605,141.86811218731907,13.910249406906999,11.360186313400265,17.064658967417717
2026-08-27,876.0,811.6399828569376,787.0119345022441,831.4274208513552,64.36001714306235,44.572579148644735,88.98806549775588,7.929626250855444,5.491668731221346,10.963982477122647
2026-08-28,910.0,800.6404969023438,777.601735631467,821.3942486681409,109.35950309765622,88.60575133185911,132.398264368533,13.659002201458101,11.066858555702884,16.53654353992563
2026-08-29,865.0,772.3546922140547,755.4006903091015,797.8504791993112,92.6453077859453,67.14952080068882,109.59930969089845,11.995176402743866,8.694129973910826,14.190282106879918
2026-08-30,860.0,799.7521192855027,786.5162083817612,830.4373843586882,60.24788071449734,29.562615641311773,73.48379161823881,7.533319295023902,3.696472310410752,9.188320961736135
2026-08-31,1018.0,829.8277738966134,824.3226472523154,893.7708603645948,188.1722261033866,124.22913963540523,193.67735274768458,22.676057854726686,14.970472614102055,23.339463782736015
2026-09-01,1011.0,809.4539944097653,786.0321159003341,847.1130061904786,201.5460055902347,163.8869938095214,224.96788409966584,24.89900685920974,20.246610053363682,27.792547279194917
2026-09-02,959.0,806.8418921266968,776.9148005905238,832.9152551540604,152.15810787330315,126.08474484593951,182.08519940947622,18.858478886395012,15.626945759298858,22.567643200767733
2026-09-03,921.0,778.0617648036797,758.4467821432569,804.596141138005,142.9382351963203,116.40385886199495,162.5532178567431,18.371065339830242,14.960747864453403,20.892071196656023
2026-09-04,885.0,775.7503356801411,754.8903565903493,798.946701428654,109.24966431985888,86.053298571346,130.10964340965077,14.083095977531734,11.092911548133403,16.772102753339688
2026-09-05,850.0,754.0088584569494,731.8222525264886,780.1447359480635,95.99114154305062,69.85526405193652,118.17774747351147,12.730771060103041,9.264515034331648,15.673257170394226
2026-09-06,912.0,787.8224560165287,766.226624712885,815.8486523743152,124.17754398347131,96.15134762568485,145.77337528711502,15.762122929492383,12.204697504036059,18.50332827832679
2026-09-07,834.0,870.5384226767786,833.1071909324314,898.917177666016,-36.53842267677862,-64.9171776660159,0.8928090675685885,-4.197221136366194,-7.457129516053416,0.10255826099247072
2026-09-08,1030.0,869.704490493744,837.3471448088271,885.8919372797452,160.29550950625605,144.1080627202548,192.6528551911729,18.43103160422386,16.569773330530065,22.151530467757052
2026-09-09,978.0,846.8683968160133,817.1103168784165,862.3561874772522,131.13160318398673,115.64381252274784,160.88968312158357,15.484295278582202,13.655464409527621,18.99819189457104
2026-09-10,929.0,817.2577868581428,792.5646271253416,837.2520906734119,111.74221314185718,91.74790932658807,136.43537287465833,13.672823304802975,11.226312040329741,16.69428851809036
2026-09-11,903.0,814.7848034714253,784.4173334328682,831.9703940936552,88.21519652857467,71.02960590634486,118.58266656713181,10.826809257208783,8.717590902986922,14.55386330990776
2026-09-12,869.0,777.0634401743075,760.9015482064847,803.8032599481422,91.93655982569248,65.19674005185779,108.09845179351534,11.831281086273943,8.390143800515583,13.911148846388546
2026-09-13,906.0,814.7321999320068,797.0100927444809,842.046745833053,91.26780006799322,63.95325416694695,108.98990725551916,11.202183990716206,7.849604345119063,13.377390419160413
2026-09-14,980.0,910.6764418657252,877.785954356229,933.5097625974531,69.32355813427478,46.49023740254694,102.21404564377093,7.612314862592679,5.1050225157138405,11.223969452241732
2026-09-15,981.0,882.5948401333044,857.1656463548882,905.0602731726758,98.40515986669561,75.93972682732421,123.83435364511189,11.149528117775173,8.604143529306665,14.030713529484077
2026-09-16,974.0,856.4974454863991,832.9441890967703,880.1113786576897,117.5025545136009,93.88862134231027,141.0558109032297,13.718961467173084,10.96192660434516,16.468912037808245
2026-09-17,873.0,827.4240278271607,810.7967286966989,852.4266466757609,45.57597217283933,20.573353324239118,62.203271303301136,5.508176054848581,2.486434117494187,7.5177018325958835
2026-09-18,935.0,823.8573564285579,799.6509924245056,844.2628621175602,111.14264357144214,90.73713788243985,135.34900757549437,13.4905202586584,11.013695171186868,16.42869442378177
2026-09-19,911.0,801.8982373168087,781.1761535021552,826.6532088973222,109.10176268319128,84.34679110267774,129.8238464978448,13.605437399170647,10.518390885220834,16.18956626369972
2026-09-20,1001.0,841.9589608088477,819.5041435017173,866.6639759904847,159.04103919115232,134.33602400951528,181.49585649828268,18.889405136607348,15.955174808100178,21.556378035804073
2026-09-21,943.0,918.7251437290356,893.3574072962226,945.4686407167947,24.274856270964392,-2.4686407167946274,49.642592703777325,2.6422327109100983,-0.268702857829122,5.4034215828993
2026-09-22,993.0,897.7417719772188,875.4717142160923,920.3254203134774,95.25822802278117,72.67457968652268,117.52828578390763,10.610871744664506,8.095265471101067,13.09154697403231
2026-09-23,938.0,863.3631357936895,848.0618688579049,891.0279045578645,74.63686420631052,46.972095442135505,89.93813114209519,8.644898202388138,5.440595445270438,10.417184544185464
2026-09-24,972.0,835.1183007021598,823.0289893321067,864.9865417529834,136.8816992978402,107.01345824701659,148.97101066789327,16.39069568739559,12.814167544531196,17.83831231367338
2026-09-25,924.0,838.1667955468265,816.4937424317272,862.4539322512471,85.8332044531735,61.54606774875288,107.50625756827273,10.240587542861949,7.342937954085828,12.826356059372982
2026-09-26,884.0,819.0193197949073,798.4208875966065,843.3166123459768,64.98068020509265,40.6833876540232,85.5791124033936,7.933961829052412,4.967329423219323,10.448973587683337
2026-09-27,971.0,858.2248660063356,833.0348481434917,880.6352591382433,112.77513399366444,90.36474086175664,137.96515185650838,13.140511124835191,10.529261553823302,16.075641399032815
2026-09-28,1053.0,912.5044346042274,881.6117805975588,932.9107064085902,140.4955653957726,120.08929359140987,171.38821940244122,15.396699464447918,13.160406573091906,18.782179341054484
2026-09-29,1021.0,894.6462948125328,872.610066072784,917.9363097989113,126.3537051874672,103.0636902010887,148.38993392721596,14.123313975602366,11.520048850443741,16.5864358671837
2026-09-30,1008.0,868.247244728561,849.8419673432255,895.8643457200498,139.752755271439,112.13565427995022,158.1580326567745,16.095963001314185,12.915175367473472,18.215782844922156
2026-10-01,957.0,857.411383998655,832.1100565255784,876.4373936390327,99.58861600134503,80.56260636096731,124.8899434744216,11.61503309378748,9.396027142216447,14.565930171346723
2026-10-02,921.0,845.6541719100943,815.6304530495453,861.5002603765078,75.3458280899057,59.49973962349221,105.36954695045469,8.909768389094648,7.035942303589548,12.460122642386377
2026-10-03,879.0,820.4046422866122,795.6176934566461,841.95835864859,58.595357713387784,37.04164135141002,83.38230654335392,7.1422508714812,4.515045313269857,10.163558596030459
2026-10-04,1012.0,851.419306359387,829.2338718047904,878.6853506228913,160.58069364061305,133.3146493771087,182.76612819520955,18.860353816411042,15.65793121924301,21.466054014761013
2026-10-05,986.0,868.0106184688018,854.7057490972662,915.9654357650238,117.9893815311982,70.03456423497622,131.2942509027338,13.593080432510746,8.06839948093255,15.12588073338792
2026-10-06,1017.0,891.233217641714,860.4554519850732,918.3313210611577,125.76678235828604,98.66867893884228,156.54454801492682,14.111545650315485,11.071027985236993,17.564936418007207
2026-10-07,953.0,845.6394939242217,827.8511427338603,883.2958298516239,107.36050607577829,69.70417014837606,125.14885726613969,12.695777201413316,8.242776106034409,14.799315567131536
2026-10-08,939.0,824.4697882723785,808.114313927057,862.0808152911709,114.53021172762146,76.91918470882909,130.88568607294303,13.891377629204813,9.329533453252195,15.875134290512362
2026-10-09,883.0,813.3092617055615,785.5381911398559,838.4688754509614,69.69073829443846,44.53112454903864,97.46180886014409,8.56878700093646,5.4753003126577,11.98336394888218
2026-10-10,917.0,804.8848535770727,773.5864642049324,824.1909031022815,112.1151464229273,92.80909689771849,143.4135357950676,13.929339821052004,11.530729704411245,17.8178947159595
2026-10-11,965.0,857.8896394260946,831.5920302888153,881.5389894407662,107.11036057390538,83.46101055923386,133.40796971118476,12.485330939019075,9.728641858300918,15.550714635093524
2026-10-12,844.0,941.8878007184117,900.4123127209776,963.1479286278261,-97.88780071841165,-119.14792862782608,-56.41231272097762,-10.392724127411897,-12.649906765641054,-5.989281597866532
2026-10-13,1043.0,924.0207145836694,891.0505256488461,945.8472073800035,118.97928541633064,97.15279261999652,151.94947435115392,12.876257375889939,10.51413578577295,16.444379650040304
2026-10-14,1009.0,908.5676618686941,876.0433254759868,927.4120466385797,100.43233813130587,81.58795336142029,132.9566745240132,11.053919520395644,8.979843415691736,14.633656920009118
2026-10-15,1011.0,878.809216413075,850.1882550759506,901.1000105454273,132.19078358692502,109.89998945457272,160.81174492404946,15.042034279803246,12.505557224711147,18.298823216763083
2026-10-16,1020.0,861.476615196575,836.1202632603945,884.1339663340682,158.52338480342496,135.86603366593184,183.87973673960545,18.40135669466228,15.771296779185283,21.344715979045706
2026-10-17,932.0,850.9084912858766,823.7431542946517,871.0957468051392,81.09150871412339,60.904253194860814,108.25684570534827,9.52999171410071,7.157556167153,12.7225015162033
2026-10-18,973.0,883.9525941952921,852.5074147077808,903.4944270665832,89.04740580470786,69.50557293341683,120.49258529221927,10.073776171874051,7.8630430398466515,13.63111394021191
2026-10-19,1012.0,960.9092125880751,931.2409001130925,984.2295936461668,51.09078741192491,27.77040635383325,80.7590998869075,5.316921384728843,2.890013540304971,8.404446416888245
2026-10-20,1036.0,920.2659991364055,892.9205008637166,950.1141260209189,115.73400086359447,85.88587397908105,143.07949913628337,12.576146567644722,9.332722719265726,15.547624194586325
2026-10-21,1047.0,875.2396555467234,858.4651699447786,911.107407791687,171.76034445327662,135.89259220831295,188.53483005522142,19.62437869042686,15.526329428415453,21.540937828902653
2026-10-22,1022.0,866.3522393511524,841.5741380049004,893.5680359063591,155.64776064884757,128.43196409364086,180.42586199509955,17.96587503085566,14.824451101993912,20.82592435268916
2026-10-23,912.0,847.8065586102772,828.6545876741214,876.1217494240589,64.1934413897228,35.878250575941166,83.34541232587861,7.571708515082563,4.231891132660347,9.830710965777175
2026-10-24,935.0,846.4422144440115,819.6989219771165,867.4690174041177,88.55778555598852,67.53098259588229,115.30107802288349,10.462354552361026,7.978215339867029,13.621848728163847
2026-10-25,953.0,878.5497057025401,856.6706160106689,903.7772960569023,74.45029429745989,49.22270394309772,96.32938398933103,8.474226764201696,5.602722717178119,10.96459123076029
2026-10-26,1143.0,980.0788669583081,950.7710778621883,1006.0569884402765,162.92113304169186,136.9430115597235,192.22892213781162,16.623267630218415,13.972652219788039,19.61361770144044
2026-10-27,1015.0,938.9242575200288,917.4664077882853,967.0805464788871,76.07574247997115,47.91945352111295,97.53359221171466,8.102436577888534,5.103654862180483,10.387801937222196
2026-10-28,998.0,908.6027452522073,890.9720194086237,940.2067191879833,89.39725474779266,57.793280812016754,107.02798059137628,9.838981360658119,6.36067644677594,11.779403171588234
2026-10-29,1017.0,900.9955578095964,874.8669485358612,924.1133757449359,116.00444219040355,92.88662425506415,142.13305146413884,12.875140302846896,10.309332099359082,15.775111234696592
2026-10-30,945.0,880.3236196304985,858.7991040655916,905.356681665205,64.67638036950154,39.643318334795026,86.20089593440849,7.346886863793159,4.503266463693734,9.791955368707466
2026-10-31,968.0,874.6003932067451,846.8030445480208,892.5610186873068,93.39960679325486,75.43898131269312,121.19695545197919,10.67911785984943,8.625537090841467,13.85740921149228
2026-11-01,983.0,885.9229721768733,861.9002275380693,913.8015809159278,97.07702782312674,69.19841908407219,121.09977246193068,10.957727801615857,7.810884383553023,13.66933427229758
2026-11-02,1101.0,993.7433174275683,965.7887877658535,1022.0857663375216,107.25668257243171,78.91423366247841,135.21121223414653,10.793197870258826,7.941108360532978,13.606251218288246
2026-11-03,1067.0,970.3459828994454,943.0733074058898,994.5366154745212,96.6540171005546,72.46338452547874,123.92669259411028,9.960778815381628,7.467788376776116,12.771392346450567
2026-11-04,1074.0,926.4129239215418,911.4200609451445,960.9762304144903,147.58707607845815,113.02376958550971,162.57993905485546,15.931025168962057,12.200150350566757,17.549403171821943
2026-11-05,1016.0,898.2187400189619,878.582508053033,931.5274944769182,117.78125998103815,84.47250552308186,137.41749194696695,13.112759145790227,9.40444701936397,15.298889438007716
2026-11-06,979.0,870.8964725912011,854.8633826312093,906.3012879279697,108.10352740879887,72.69871207203033,124.13661736879072,12.412902200321883,8.34757222700971,14.253889098832124
2026-11-07,973.0,856.2155151197662,844.6432711454337,897.8153797861265,116.78448488023378,75.18462021387349,128.3567288545663,13.639613253667578,8.781039222742507,14.991170632619516
2026-11-08,992.0,897.5493354113044,869.8282901363035,925.113152972441,94.45066458869564,66.88684702755907,122.17170986369645,10.523172472231108,7.45216384087767,13.61169854888377
2026-11-09,1088.0,1011.7612798333283,976.5960843449802,1033.2506044878928,76.23872016667167,54.7493955121073,111.40391565501973,7.53524785799579,5.4112957871966,11.010889413891364
2026-11-10,1011.0,911.3651534911342,883.1540006248582,944.8732985884858,99.63484650886585,66.12670141151425,127.84599937514173,10.932483662250874,7.255785582563151,14.027966604319532
2026-11-11,843.0,880.5836277656144,858.2097292217009,915.9607637801491,-37.58362776561444,-72.96076378014915,-15.2097292217008,-4.2680361728935186,-8.285500829180664,-1.7272327967638734
2026-11-12,1002.0,901.4716322406199,876.9575615786891,931.2832056605723,100.5283677593801,70.71679433942771,125.04243842131086,11.151584161280317,7.844594528577694,13.870923271375297
2026-11-13,991.0,891.62607468242,865.1424550251372,920.3747853338069,99.37392531757996,70.62521466619303,125.85754497486278,11.145246661048471,7.920945413283071,14.115507447411831
2026-11-14,989.0,879.5045714323829,850.2882950253712,904.4213521775852,109.49542856761707,84.5786478224148,138.71170497462882,12.449671340455923,9.616624014206987,15.771572937786953
2026-11-15,1034.0,906.3046691351035,874.151552130045,927.8472808570102,127.6953308648965,106.1527191429898,159.84844786995498,14.089669314708217,11.712696928317992,17.637385452565315
2026-11-16,1130.0,991.1353212521617,965.7806578492651,1018.6863202715188,138.8646787478383,111.31367972848128,164.21934215073483,14.010667945160312,11.230926528564426,16.568811405416014
2026-11-17,1103.0,962.579671207086,935.7966885622535,986.4851960334914,140.420328792914,116.51480396650852,167.2033114377465,14.587917550432506,12.10443223057034,17.37033478258185
2026-11-18,1096.0,946.079256067574,913.2741221855123,965.3421221983039,149.92074393242603,130.65787780169615,182.72587781448772,15.84653114112016,13.810457946703343,19.31401377237643
2026-11-19,985.0,871.446918913354,851.5645709418776,906.6878324303563,113.55308108664599,78.31216756964378,133.43542905812242,13.030407087587204,8.986452974932162,15.31193996583395
2026-11-20,1005.0,875.8061671517621,848.4712217059287,904.6247553577883,129.1938328482379,100.37524464221167,156.52877829407134,14.751418486626255,11.46089721754818,17.8725366599237
2026-11-21,974.0,860.7672980040571,842.1685642257078,895.5024757242105,113.23270199594288,78.49752427578953,131.83143577429223,13.154856400621433,9.119482635761045,15.315572057626063
2026-11-22,1024.0,886.9357686547291,869.3108129871227,921.4052119019793,137.06423134527085,102.5947880980207,154.68918701287726,15.4536817872578,11.567330095800807,17.440855638002287
2026-11-23,1162.0,980.6970639334876,951.6119691320954,1007.1719983746431,181.30293606651242,154.8280016253569,210.38803086790466,18.487149878814023,15.787546156644511,21.452907182576567
2026-11-24,1076.0,958.2223458629699,921.640986633197,973.2006908049905,117.77765413703014,102.79930919500956,154.35901336680303,12.291265659324635,10.728126894434824,16.108893101192304
2026-11-25,1057.0,957.6252977889045,918.6513552032791,974.4572045456472,99.3747022110955,82.54279545435287,138.34864479672095,10.377201024298891,8.619529543020521,14.447054094765367
2026-11-26,878.0,915.7370491798705,885.3835151771332,939.942929347125,-37.737049179870496,-61.94292934712499,-7.383515177133183,-4.12094817105714,-6.764270311286495,-0.8062920664557388
2026-11-27,977.0,920.5736020470396,886.6988635157763,940.2958523257796,56.42639795296043,36.70414767422039,90.30113648422363,6.129482512586446,3.9870953927641386,9.809225061790272
2026-11-28,943.0,895.741020789441,877.7275451919131,927.571071574332,47.258979210559005,15.42892842566805,65.27245480808683,5.275964605138701,1.722476482328577,7.2869784115235055
2026-11-29,1064.0,925.854090258131,901.9866962715206,954.6662543191619,138.145909741869,109.3337456808381,162.01330372847937,14.920915854392724,11.808960702474781,17.498794403263865
2026-11-30,1121.0,1000.683909914756,980.958250385335,1036.5633997626214,120.31609008524401,84.4366002373785,140.041749614665,12.023386095564707,8.437889267608119,13.99460391309725
2026-12-01,1042.0,978.3087994137236,953.0043065965427,1010.9814371270453,63.69120058627641,31.018562872954714,88.99569340345721,6.510337086249758,3.1706310820819947,9.096891846090942
2026-12-02,1095.0,954.0152042700729,931.627587097205,985.4911535991449,140.9847957299271,109.50884640085506,163.3724129027949,14.778044951369099,11.478731776045585,17.124717947005138
2026-12-03,994.0,921.3920196294274,898.9017627658613,949.3795002667542,72.60798037057259,44.62049973324581,95.09823723413861,7.880248452745947,4.842726959062618,10.321148350339085
2026-12-04,1059.0,916.6952020304794,893.2786922317313,944.6489724199662,142.30479796952056,114.35102758003386,165.72130776826873,15.52367653439393,12.474269236573551,18.07812535739209
2026-12-05,945.0,920.9267354515099,893.1232344141455,943.3526765034538,24.0732645484901,1.647323496546156,51.876765585854464,2.614026026368701,0.17887671550099044,5.633104522741479
2026-12-06,1045.0,924.494890692728,904.3787242624971,955.7646208718487,120.50510930727205,89.23537912815135,140.62127573750288,13.034697164954265,9.652338809713365,15.210606045873847
2026-12-07,1165.0,1040.5368112039482,1009.7647257769142,1067.1377813114366,124.46318879605178,97.86221868856352,155.2352742230858,11.961440235068881,9.404974205125189,14.91876813502365
2026-12-08,1092.0,1006.39286467292,983.7983279363382,1037.2151956817224,85.60713532707996,54.78480431827763,108.20167206366185,8.506333692548832,5.443679724029324,10.751434739039771
2026-12-09,1097.0,978.4144976196778,954.6470721174164,1006.5055198950951,118.58550238032217,90.49448010490497,142.35292788258357,12.120170200750426,9.249094358787936,14.54934776916173
2026-12-10,1026.0,939.787249530033,918.3614073098045,967.7100294226143,86.21275046996698,58.28997057738575,107.63859269019552,9.173645472747165,6.202464505294714,11.45350639136924
2026-12-11,1065.0,931.6113883009883,908.1402571708344,963.6876136939992,133.38861169901168,101.31238630600085,156.85974282916558,14.318052932164887,10.874962197571215,16.83746514898622
2026-12-12,1012.0,936.4148482176663,905.5885009711554,958.1599436541272,75.5851517823337,53.840056345872796,106.41149902884457,8.071759212938517,5.749594471761075,11.36371334044776
2026-12-13,1067.0,936.4200225758239,914.5839746999917,969.0529144966946,130.57997742417615,97.9470855033054,152.4160253000083,13.94459476261389,10.45973848721015,16.27645945467456
2026-12-14,1182.0,1017.958244547191,985.0015394580224,1044.6508147801799,164.04175545280896,137.3491852198201,196.99846054197764,16.114782343138064,13.492614845014185,19.352312493879023
2026-12-15,1084.0,1004.7043635556479,978.8121100322635,1033.2609260510142,79.29563644435211,50.739073948985926,105.18788996773651,7.892434761975645,5.0501496549114595,10.469536490861516
2026-12-16,1061.0,968.1589900983844,947.8769072990264,1000.6902488980253,92.84100990161562,60.30975110197472,113.1230927009736,9.589438392983482,6.229323047017932,11.68435079960142
2026-12-17,1075.0,922.8871690907422,908.1211110417504,960.8984925824086,152.1128309092578,114.10150741759136,166.87888895824963,16.482278224663606,12.363538170111065,18.08226341716984
2026-12-18,1000.0,908.2341760447233,884.9087490597793,941.0381972819832,91.76582395527669,58.9618027180168,115.09125094022066,10.10376248501333,6.4919163221527345,12.671979757625122
2026-12-19,1071.0,903.4924223792491,878.1332934583644,931.6985796141431,167.5075776207509,139.30142038585686,192.86670654163564,18.540009132521323,15.418106110842823,21.346798463870027
2026-12-20,1030.0,916.0322545109843,896.2970666306582,953.213662643359,113.96774548901567,76.78633735664091,133.7029333693419,12.441455519473639,8.382492753776734,14.59587615074952
2026-12-21,1144.0,951.1089939946058,928.241976750168,992.6068085412927,192.89100600539416,151.39319145870726,215.75802324983204,20.28064156929717,15.917543879262892,22.684889388298195
2026-12-22,1178.0,955.2913488918834,920.0214947224244,981.4592525482967,222.70865110811656,196.54074745170328,257.9785052775756,23.313165283706756,20.573906345921184,27.005217369216723
2026-12-23,1051.0,932.2927337355231,893.9582555206043,962.060113428325,118.70726626447686,88.9398865716749,157.0417444793957,12.732831863747235,9.539909875228714,16.84468180398218
2026-12-24,1083.0,908.6475973124008,873.7322336895328,940.8521501708065,174.35240268759924,142.14784982919352,209.26776631046724,19.188121247808176,15.643892115011218,23.030685045493957
2026-12-25,837.0,899.6000635796056,864.5577282435739,931.8092936375127,-62.6000635796056,-94.80929363751268,-27.557728243573973,-6.958654863863971,-10.539049237086122,-3.0633310689106446
2026-12-26,1044.0,892.0984005398149,859.6350482053892,924.5980197550793,151.90159946018514,119.40198024492065,184.3649517946108,17.02744891911794,13.384395731756687,20.666436761129745
2026-12-27,1011.0,966.0551848072289,932.6675777189605,1005.7314720545174,44.9448151927711,5.268527945482541,78.33242228103951,4.652406601568998,0.5453651125048148,8.108483191534274
2026-12-28,1137.0,944.5851121115171,936.182818964166,1006.9852840433731,192.4148878884829,130.01471595662687,200.81718103583395,20.37030707146764,13.76421396966475,21.2598291526032
2026-12-29,1104.0,1003.7426311059826,959.349904512185,1029.4453241488843,100.25736889401742,74.55467585111568,144.65009548781498,9.988354164408456,7.427668561707592,14.411074214156969
2026-12-30,1033.0,990.2352573807796,951.0464741907153,1016.8298106550909,42.76474261922044,16.170189344909122,81.95352580928466,4.318644716038012,1.632964411677288,8.276167223741934
2026-12-31,1091.0,974.8512977028862,935.1222274405139,999.8513896443699,116.1487022971138,91.14861035563017,155.87777255948606,11.914504557854467,9.35000143821015,15.989902555065816
