date,observed,expected,expected_ci_lo,expected_ci_hi,excess,excess_ci_lo,excess_ci_hi,excess_pct,excess_pct_ci_lo,excess_pct_ci_hi
2025-03-01,941.0,857.1110462644132,844.8386436764685,885.9898630980512,83.88895373558682,55.010136901948826,96.16135632353158,9.787407839533039,6.418087497728801,11.219241280652733
2025-03-02,953.0,895.0248251161024,873.0808039128389,914.4888440153578,57.97517488389758,38.51115598464218,79.91919608716114,6.477493501521263,4.302803107125717,8.929271439682585
2025-03-03,1119.0,986.8155103471412,963.2210939383494,1006.627773049208,132.18448965285882,112.37222695079198,155.77890606165056,13.39505594174934,11.387359214820385,15.786021239861823
2025-03-04,1047.0,938.4353803006817,920.0630656353613,961.8931060790791,108.56461969931831,85.1068939209209,126.93693436463865,11.568683574625393,9.06902016989726,13.526443805216198
2025-03-05,1010.0,912.4474968353029,891.986783020919,929.2410017774038,97.5525031646971,80.75899822259623,118.01321697908105,10.69130043131735,8.850810430484774,12.933699460888812
2025-03-06,1006.0,895.8794478657944,880.9424787252943,915.1048489964767,110.12055213420558,90.89515100352335,125.0575212747057,12.291894003879637,10.145913182857134,13.959190778695005
2025-03-07,976.0,890.6956013869896,868.8008086971076,903.2356684595205,85.30439861301045,72.7643315404795,107.19919130289242,9.57727853154036,8.169382606939006,12.035446356304224
2025-03-08,989.0,852.9645570383268,843.1940128958003,879.5967288550289,136.0354429616732,109.40327114497113,145.8059871041998,15.94854579116593,12.826238821087996,17.094026463475693
2025-03-09,970.0,871.1434305599888,855.3451261341828,896.196522330584,98.85656944001119,73.80347766941604,114.65487386581717,11.347909652083832,8.472023673756416,13.161423233383585
2025-03-10,1026.0,973.1248007915663,952.648734032132,991.5761284952862,52.87519920843374,34.42387150471386,73.35126596786804,5.433547594863846,3.537457012370103,7.5377038904159175
2025-03-11,1046.0,923.4704946412514,905.345356347075,939.6713599496181,122.52950535874857,106.32864005038182,140.65464365292493,13.268372521890766,11.514026779132584,15.231092327163767
2025-03-12,983.0,899.0313334614203,876.3746396481306,914.3514482312876,83.96866653857967,68.6485517687124,106.62536035186946,9.33990434074042,7.635835283338127,11.86002716294037
2025-03-13,1063.0,890.3130133871027,864.9570750049269,904.1651354843244,172.68698661289727,158.83486451567558,198.04292499507315,19.396210548010266,17.840339535351163,22.244190752827432
2025-03-14,1009.0,870.1195746088943,846.6647922324188,881.6530018897143,138.88042539110575,127.34699811028571,162.33520776758124,15.961073563197385,14.635574445906045,18.656655074165922
2025-03-15,979.0,841.6905878515431,822.6421912997977,857.1490894822791,137.3094121484569,121.85091051772086,156.35780870020227,16.313525912051123,14.476924451389118,18.57663741961441
2025-03-16,981.0,860.0291864109778,840.8722017036084,877.5002742936301,120.97081358902221,103.49972570636989,140.12779829639163,14.065896309153223,12.03444340514637,16.29337707492981
2025-03-17,1031.0,963.4885239421455,939.6681398684256,982.7230554715335,67.51147605785445,48.27694452846653,91.33186013157447,7.006982893955913,5.0106403271872715,9.479288840710536
2025-03-18,1077.0,915.4884809479411,897.5628678924469,937.2205776156187,161.51151905205893,139.77942238438135,179.43713210755305,17.642113736354396,15.26828849224263,19.600151814226564
2025-03-19,1023.0,880.1281429240489,861.4798926808593,904.3945574144807,142.87185707595108,118.60544258551928,161.5201073191407,16.233074493140062,13.475928879114868,18.351885304169752
2025-03-20,949.0,881.0859328140588,858.4234749956635,895.0389214212252,67.91406718594124,53.96107857877484,90.57652500433652,7.7079958556407435,6.124383169577013,10.280101137813928
2025-03-21,924.0,850.1633267868984,836.018194452104,870.2573688702088,73.83667321310156,53.742631129791214,87.98180554789599,8.68499862163655,6.321447824961558,10.348812137123561
2025-03-22,904.0,835.8010031697872,821.9244211877234,851.2143572575646,68.19899683021276,52.78564274243541,82.07557881227658,8.159717034505473,6.315575423126449,9.819990464357398
2025-03-23,958.0,849.7130656352501,829.2667612431981,870.5606830046663,108.28693436474987,87.43931699533374,128.73323875680197,12.743941307268702,10.290452216356544,15.150201163561055
2025-03-24,1106.0,959.1430727006309,931.4120073915152,971.950686272853,146.8569272993691,134.04931372714702,174.5879926084848,15.311263927066518,13.975945564586974,18.202497372670642
2025-03-25,1076.0,910.3028011325728,894.9940854254897,925.0355704607736,165.69719886742723,150.9644295392265,181.00591457451029,18.202426561938676,16.58397945731913,19.884143424507524
2025-03-26,965.0,874.5400706396422,858.2581550795085,895.992165041586,90.45992936035782,69.00783495841401,106.74184492049154,10.343714644681182,7.890757356371492,12.205483602646146
2025-03-27,941.0,861.7262234344855,847.4420258125116,878.5034839258178,79.27377656551448,62.49651607418224,93.55797418748841,9.199415592757742,7.252479311247706,10.857041557190275
2025-03-28,1007.0,836.2417467547458,828.0230647137876,857.8607634666171,170.7582532452542,149.13923653338298,178.9769352862125,20.41972359164394,17.83446438929373,21.402535329141262
2025-03-29,877.0,824.3095946602399,810.289051449482,842.8069854582271,52.690405339760105,34.19301454177293,66.71094855051793,6.3920650300665,4.148079163856688,8.092948205705955
2025-03-30,958.0,840.8426224971661,822.7582868279442,861.7986327534874,117.15737750283392,96.20136724651263,135.24171317205582,13.933330015419001,11.441066933644514,16.084069664595486
2025-03-31,1076.0,941.3157346098112,920.6721269574238,957.6294599192722,134.68426539018878,118.37054008072776,155.32787304257621,14.30808605850165,12.575009184330064,16.50114486899147
2025-04-01,983.0,894.1317102894363,882.8402303718341,921.786531663543,88.86828971056366,61.21346833645708,100.15976962816595,9.939060284731028,6.846135488992094,11.201903307482915
2025-04-02,1010.0,871.6193710116538,857.5258271021232,894.3412566238213,138.3806289883462,115.65874337617873,152.47417289787674,15.876268195798968,13.269409471927895,17.49320609073959
2025-04-03,929.0,855.3913457620413,838.5635635243093,877.085265662887,73.60865423795872,51.914734337112996,90.43643647569075,8.605260574898974,6.069120829234459,10.572521796456074
2025-04-04,947.0,846.418129862045,831.1977694404426,865.2455543856963,100.58187013795498,81.75444561430368,115.80223055955747,11.883236734821418,9.658872220474363,13.681444958939112
2025-04-05,897.0,831.9611164330781,811.3170689336972,850.3667827008834,65.03888356692187,46.6332172991166,85.68293106630279,7.817538858759093,5.605215962381785,10.298910534864525
2025-04-06,916.0,854.4246362045366,830.928620253084,869.5443405673243,61.57536379546343,46.455659432675645,85.07137974691607,7.2066465766938865,5.43706928197174,9.956569151003652
2025-04-07,991.0,922.4218407500005,904.7163383455278,946.7420595558987,68.57815924999954,44.257940444101315,86.2836616544722,7.434576700204778,4.7980152343439935,9.354034980819284
2025-04-08,1040.0,892.721574756915,881.12032705815,915.139838458705,147.27842524308505,124.86016154129501,158.87967294184995,16.497688574759543,13.986461744838419,17.79722563388393
2025-04-09,946.0,868.3920157490373,854.5470998079027,888.4677102042308,77.60798425096266,57.532289795769195,91.45290019209736,8.936975794741892,6.625151861414149,10.531292150724584
2025-04-10,932.0,850.9582472882701,832.9158100137682,868.9068960214377,81.04175271172994,63.093103978562304,99.08418998623183,9.523587434516784,7.4143595387458445,11.64383685121817
2025-04-11,904.0,824.2605439974826,812.134550128342,848.8182721158745,79.73945600251739,55.181727884125515,91.86544987165806,9.674059565656089,6.694694812941822,11.145195598727899
2025-04-12,875.0,817.4772089614416,799.6490633746002,837.3243784355107,57.52279103855835,37.67562156448941,75.35093662539977,7.036623211996061,4.608767211058293,9.217496928278752
2025-04-13,930.0,830.6665444675618,813.2239109850707,851.3675246274473,99.33345553243817,78.63247537255269,116.77608901492933,11.958282922795286,9.466190241591383,14.0581187231731
2025-04-14,996.0,912.4121681768495,891.3141340557714,932.6208196528828,83.58783182315051,63.37918034711726,104.68586594422857,9.161192138655148,6.946332212311391,11.473528038694207
2025-04-15,1019.0,888.0858650667783,866.8855841395828,903.9532342672735,130.9141349332217,115.04676573272651,152.11441586041727,14.741157368086002,12.954464231234638,17.128345562506983
2025-04-16,922.0,855.2302376274246,838.1720900716713,873.9115389662146,66.76976237257543,48.0884610337854,83.82790992832868,7.807226573022928,5.6228672605393575,9.801794445538272
2025-04-17,950.0,835.5805785350396,821.8888092066352,855.2793317037687,114.41942146496035,94.7206682962314,128.11119079336478,13.693403653010137,11.335910710406646,15.331997186671385
2025-04-18,913.0,814.0704687969375,800.7195317774514,836.3259075955332,98.92953120306254,76.67409240446688,112.28046822254863,12.15245301174776,9.418606293111038,13.792475286381624
2025-04-19,955.0,798.0414751910798,784.9087065699714,817.009888510153,156.95852480892017,137.99011148984704,170.09129343002857,19.667965849937644,17.29109523496974,21.31359067388103
2025-04-20,873.0,812.1148465940023,796.8372362748669,836.0967586723456,60.8851534059977,36.90324132765444,76.16276372513317,7.497111235110297,4.544091452388303,9.378324265903853
2025-04-21,1115.0,896.1821592461015,876.8654577359937,918.7126479216407,218.8178407538985,196.28735207835928,238.13454226400628,24.416670037035264,21.90261768249022,26.57211369442269
2025-04-22,951.0,877.4023370557179,856.1665949816128,888.7169581693563,73.59766294428209,62.28304183064367,94.83340501838727,8.388131628558495,7.098572593235353,10.808428586663888
2025-04-23,1004.0,851.3588262722578,832.435430791802,866.264885809968,152.64117372774217,137.73511419003205,171.56456920819804,17.929123304693235,16.178268191934553,20.151851829551955
2025-04-24,958.0,831.5848162975583,816.8434816120788,851.675386299788,126.41518370244171,106.32461370021198,141.15651838792118,15.201718601029354,12.785781031163856,16.974398235935617
2025-04-25,935.0,810.5246814668855,797.022183072294,831.2572033626855,124.47531853311455,103.7427966373146,137.97781692770607,15.357375460527548,12.799461757236207,17.023271478666658
2025-04-26,896.0,802.3764472716873,782.2943592404575,811.6266722344748,93.62355272831269,84.37332776552519,113.70564075954242,11.668282767603651,10.51542926670131,14.171108978357301
2025-04-27,904.0,824.8628709051438,802.1525801351895,839.3875714903647,79.13712909485616,64.61242850963531,101.84741986481055,9.593973966608159,7.8331115132790945,12.347194116405154
2025-04-28,1017.0,881.0200391965748,868.660596602144,905.3503850200319,135.97996080342523,111.64961497996812,148.33940339785607,15.43437773872078,12.672766794474315,16.83723375158761
2025-04-29,940.0,855.6427592184762,840.9262439375575,878.1817650804655,84.35724078152384,61.81823491953451,99.07375606244246,9.85893234912357,7.22477158294401,11.578869217912166
2025-04-30,939.0,833.5555503585812,819.4455846824997,853.3741667558572,105.44444964141883,85.62583324414277,119.55441531750036,12.649960713003287,10.272360757157461,14.342705206158138
2025-05-01,916.0,841.5639205884639,816.1111703029457,851.8555478100261,74.43607941153607,64.14445218997386,99.88882969705438,8.84497036891584,7.622053491209655,11.869428721137078
2025-05-02,881.0,839.0170402571501,806.5859843202464,845.8168022109543,41.98295974284986,35.18319778904572,74.41401567975356,5.003826826923862,4.193382982813129,8.869190029435686
2025-05-03,833.0,823.6641101884317,780.4465094679358,822.9738094746217,9.335889811568336,10.026190525378299,52.553490532064245,1.133458371693838,1.2172668933073438,6.380451677084905
2025-05-04,896.0,848.8341745337034,807.5797971540613,848.5629667453526,47.16582546629661,47.43703325464748,88.42020284593863,5.5565417700349515,5.588492390837873,10.416663878373086
2025-05-05,1006.0,908.26119395344,883.3669270334644,922.6460353847334,97.73880604655994,83.35396461526665,122.63307296653561,10.761090168470888,9.17731211794342,13.501961085967318
2025-05-06,1029.0,863.653241147634,850.9195620449863,884.062493555125,165.34675885236595,144.937506444875,178.08043795501376,19.145040043229727,16.781909629874146,20.61943723135666
2025-05-07,873.0,835.2271358362365,823.2640572518202,855.4909835134974,37.77286416376353,17.50901648650252,49.73594274817981,4.5224661104844275,2.096317963732386,5.954780515887306
2025-05-08,908.0,821.1734275355135,809.4192002336898,838.389469554426,86.8265724644865,69.61053044557397,98.58079976631014,10.573475657276001,8.476958473253022,12.004869673166182
2025-05-09,906.0,802.8037249355012,794.7989985307102,824.846235501424,103.19627506449876,81.15376449857607,111.20100146928988,12.854483836978925,10.10879271955248,13.851580157805566
2025-05-10,845.0,771.0990311425846,761.9802274481955,795.0912462679886,73.90096885741536,49.90875373201145,83.01977255180456,9.583849268739423,6.47241816113536,10.766421587741991
2025-05-11,882.0,803.3411441897408,783.9698044310767,819.0456181767765,78.65885581025918,62.954381823223486,98.03019556892333,9.79146361158875,7.836568844823702,12.202810260365505
2025-05-12,1006.0,891.4287513170841,868.3141129411779,905.6653301102792,114.5712486829159,100.33466988972083,137.68588705882217,12.852541329145724,11.255489543216612,15.445529085234414
2025-05-13,894.0,853.6971796388187,841.461181379547,872.6756361236555,40.30282036118126,21.324363876344478,52.53881862045297,4.720973820978598,2.4978838380801918,6.154268735276955
2025-05-14,950.0,821.9568816340238,808.6973731683098,837.3476014384765,128.04311836597617,112.65239856152348,141.30262683169025,15.577838841306441,13.705390280031983,17.19100234926985
2025-05-15,925.0,798.7755999239263,792.2591031006773,821.1699056357106,126.22440007607372,103.8300943642894,132.74089689932268,15.802235332187797,12.998656240147792,16.618046033449776
2025-05-16,931.0,790.9447929808672,778.875437388122,809.6012758200668,140.0552070191328,121.3987241799332,152.12456261187805,17.70733030447053,15.34857113382246,19.233271899870502
2025-05-17,845.0,758.1407320521864,749.3162594362465,783.1015073024628,86.85926794781358,61.89849269753718,95.68374056375349,11.456879214588175,8.164512217934284,12.620841555993211
2025-05-18,833.0,786.6845224517403,772.6843396067966,810.9303825523747,46.31547754825965,22.06961744762535,60.31566039320342,5.887427072279905,2.8053961680654806,7.6670709378172015
2025-05-19,955.0,888.0435698418527,859.4391184583917,900.0248198587253,66.95643015814733,54.97518014127468,95.56088154160831,7.539768591542336,6.1905949221686205,10.760832552239108
2025-05-20,921.0,855.8225141718546,835.9279870237827,869.3488746004632,65.17748582814545,51.65112539953677,85.0720129762173,7.615771348480487,6.03526134732708,9.940380343760657
2025-05-21,953.0,829.091033267677,808.9127738802772,841.2981246307417,123.90896673232305,111.70187536925837,144.08722611972283,14.945158222730207,13.472811897266624,17.378939143972556
2025-05-22,926.0,802.8083896530044,792.1847186940723,819.9655244705007,123.19161034699562,106.0344755294993,133.8152813059277,15.345082579448674,13.207943127665903,16.668395974756358
2025-05-23,853.0,797.8841215017201,778.9148537080437,809.7626557254632,55.115878498279926,43.23734427453683,74.08514629195638,6.907754774533522,5.419000467531377,9.285201233547378
2025-05-24,902.0,761.4910884528049,749.8305139556751,781.049400965407,140.5089115471951,120.95059903459297,152.16948604432497,18.451812986108695,15.883389952775417,19.983094792810043
2025-05-25,903.0,785.4276561686745,770.246208354509,807.1775879787798,117.5723438313255,95.82241202122019,132.75379164549102,14.969213638954962,12.200030297970796,16.902103026657553
2025-05-26,806.0,761.544713543592,757.9420411270884,820.8695328818739,44.455286456407975,-14.869532881873814,48.05795887291174,5.837514943745097,-1.9525488940345272,6.310589256051717
2025-05-27,936.0,802.7239896983715,773.1468426731104,817.2394777490407,133.2760103016285,118.76052225095933,162.85315732688952,16.602968394118605,14.794689553950459,20.28756576567278
2025-05-28,942.0,783.2400968457924,761.3867548214623,796.0641891919068,158.75990315420756,145.93581080809312,180.6132451785377,20.269634278627194,18.632321225100096,23.059754717089977
2025-05-29,880.0,766.3357395147502,743.7143184258616,779.7539257850508,113.66426048524977,100.24607421494919,136.2856815741384,14.832175327908217,13.0812213297563,17.784069637732873
2025-05-30,874.0,771.7232286420372,739.3832665160579,778.5679678057164,102.27677135796284,95.43203219428358,134.61673348394206,13.253037820039987,12.366095596501683,17.443654471930362
2025-05-31,852.0,745.6966317653536,724.2747587777347,761.1077878424294,106.30336823464643,90.89221215757067,127.72524122226525,14.2555784358292,12.188899384243362,17.128311404584196
2025-06-01,865.0,775.5756862750509,761.2573124867715,802.1138811118406,89.42431372494912,62.886118888159494,103.74268751322849,11.530056357805368,8.108314894474079,13.376217092555565
2025-06-02,986.0,871.4341908603519,836.2199703055168,885.4934286409168,114.56580913964808,100.50657135908313,149.78002969448318,13.146811353194582,11.533466601747026,17.187761424257168
2025-06-03,938.0,831.4992207936496,819.2643348906881,852.3681212835344,106.50077920635044,85.63187871646561,118.73566510931191,12.808283705268847,10.298491757422415,14.279708524077877
2025-06-04,889.0,810.5755449152115,789.8785369391832,826.0830316819441,78.42445508478852,62.91696831805586,99.12146306081684,9.675156816258495,7.762011661064503,12.228528689597367
2025-06-05,860.0,788.6775678903737,769.7873097807703,803.0842636087017,71.32243210962633,56.9157363912983,90.21269021922973,9.043294118331024,7.216603934043881,11.438475479978315
2025-06-06,816.0,776.2901639369613,758.7110546544425,792.0742027716533,39.709836063038665,23.925797228346685,57.288945345557565,5.115334176289178,3.0820688371222977,7.379836562016482
2025-06-07,851.0,745.8914737494144,730.9180384493895,764.2979970736583,105.10852625058556,86.70200292634172,120.08196155061044,14.09166479973697,11.623943425779077,16.09911974821052
2025-06-08,829.0,766.9188323179366,755.0029283771927,787.9289618056307,62.08116768206344,41.071038194369244,73.99707162280737,8.094881109442733,5.35533050743272,9.648618407134235
2025-06-09,958.0,840.7204043909522,822.557725873029,866.4094225366837,117.27959560904776,91.59057746331632,135.442274126971,13.949892853380819,10.894296960672412,16.110263699985993
2025-06-10,924.0,810.5295838233433,805.0461467085707,843.8183899891808,113.47041617665673,80.18161001081918,118.95385329142924,13.999540355011625,9.892496413591111,14.67606558298747
2025-06-11,917.0,786.021743427177,774.7967003940784,809.371653394774,130.97825657282306,107.62834660522608,142.20329960592164,16.663439360053513,13.692795079172972,18.091522377726236
2025-06-12,879.0,776.5518226693214,763.6987963271248,798.460486442403,102.44817733067862,80.53951355759705,115.3012036728752,13.19270322211375,10.371428049804882,14.847844059722702
2025-06-13,828.0,788.3065241330995,761.0590209200128,793.3671900505834,39.693475866900485,34.632809949416576,66.94097907998722,5.035284454933491,4.3933176866070305,8.491744902606532
2025-06-14,799.0,743.5478000522791,731.1304018319615,762.720767219509,55.45219994772094,36.27923278049104,67.86959816803854,7.457785490565917,4.879206525517288,9.127805658663318
2025-06-15,853.0,770.431472777637,753.1425793434051,790.6377317465253,82.56852722236295,62.362268253474646,99.85742065659485,10.71717993615689,8.094460111895472,12.961233306912922
2025-06-16,955.0,800.4539888451384,779.4207584323332,829.2162694092935,154.54601115486162,125.78373059070647,175.57924156766686,19.307294773786328,15.71404882024287,21.934957413477978
2025-06-17,924.0,827.2888576016277,788.1347128320025,829.6583042433361,96.71114239837232,94.3416957566639,135.86528716799754,11.690129935841895,11.40371889332192,16.42295625277502
2025-06-18,923.0,767.0438516621093,745.8288915975115,787.0050093201098,155.95614833789068,135.99499067989015,177.1711084024885,20.332103308037592,17.729754353053252,23.097911288719146
2025-06-19,731.0,759.3276539374525,728.8813529874349,771.7630208705086,-28.32765393745251,-40.76302087050858,2.1186470125650927,-3.7306232415691682,-5.368304533508578,0.27901617985055105
2025-06-20,891.0,730.0967818206368,718.5522018557295,755.9563873786537,160.9032181793632,135.04361262134623,172.4477981442704,22.038614905015752,18.49667276776498,23.619854577942203
2025-06-21,808.0,717.1349401765887,701.6506933737867,734.9325307882398,90.86505982341134,73.06746921176021,106.34930662621329,12.670566546518646,10.188803406199668,14.829748303718914
2025-06-22,963.0,763.9533612637938,739.8136994620497,775.8755696401964,199.0466387362062,187.12443035980363,223.18630053795027,26.054815493831597,24.49422174807205,29.214649984488233
2025-06-23,1024.0,832.053783702359,802.2539550983955,853.3389165939518,191.94621629764094,170.66108340604816,221.7460449016045,23.068967422219384,20.510823548769146,26.650446070314022
2025-06-24,934.0,835.0078857751205,804.5028119659754,840.8789687295899,98.99211422487951,93.12103127041013,129.4971880340246,11.855231059642891,11.152113992787962,15.508498810620818
2025-06-25,859.0,785.2810196179344,766.0290061125008,800.7401584387356,73.71898038206564,58.2598415612643,92.97099388749913,9.387592281032388,7.41897997096755,11.839200434607813
2025-06-26,886.0,776.2872967584309,752.3646353964396,787.0225567418266,109.7127032415691,98.9774432581734,133.63536460356042,14.133002523640428,12.750104719151896,17.214678787297707
2025-06-27,824.0,761.1019321435987,743.2507652850965,774.8707602664473,62.898067856401326,49.12923973355271,80.74923471490357,8.264079382803907,6.455014454526886,10.609516453003623
2025-06-28,844.0,747.162634557453,724.5007114085477,761.7136638732928,96.83736544254702,82.28633612670721,119.49928859145236,12.96068097676005,11.01317602364386,15.993745279062598
2025-06-29,851.0,772.2753860777354,750.8288847754345,792.3222368169212,78.72461392226455,58.677763183078866,100.1711152245655,10.19385252223231,7.598036172186446,12.970906108159001
2025-06-30,960.0,822.7144492009834,801.4538193557263,843.5565401081295,137.28555079901662,116.44345989187052,158.5461806442737,16.686901625752135,14.153569322255112,19.27110685830947
2025-07-01,889.0,793.3619156897487,780.9803847352575,820.9894312281706,95.63808431025132,68.01056877182937,108.01961526474247,12.054786399357674,8.57245191971447,13.615427351441522
2025-07-02,868.0,772.3568008691321,754.3570424740346,797.0577287974971,95.64319913086786,70.94227120250288,113.64295752596533,12.383292155029991,9.185168192041765,14.713789973504868
2025-07-03,859.0,744.5185139645866,738.544708819737,776.4428957547207,114.48148603541335,82.55710424527933,120.45529118026302,15.376580150545285,11.088656990631424,16.178951754850857
2025-07-04,711.0,706.0110684150535,704.6984534979608,749.0593462283862,4.988931584946499,-38.05934622838618,6.30154650203913,0.7066364548853757,-5.390757727612799,0.8925563328894647
2025-07-05,795.0,710.1947276434565,695.1263595319972,742.6808140983044,84.80527235654347,52.31918590169559,99.87364046800285,11.941129531887878,7.3668789509743755,14.062852986729439
2025-07-06,846.0,769.7923852742049,745.5043928346066,790.0629866699184,76.20761472579511,55.9370133300817,100.49560716539342,9.899762089572954,7.266506450327718,13.054897539626381
2025-07-07,962.0,847.911307886877,815.953210372176,862.6800870683202,114.08869211312299,99.31991293167987,146.04678962782393,13.45526248463996,11.713478993363124,17.224300262228436
2025-07-08,909.0,819.1131176106321,797.0804937333663,836.829108946865,89.88688238936788,72.17089105313507,111.91950626663369,10.973683665519795,8.810857682716506,13.663498222700296
2025-07-09,879.0,788.539973671586,770.4937661128533,802.4759294880527,90.46002632841396,76.52407051194739,108.50623388714662,11.47183774428271,9.704526475130658,13.76039738124141
2025-07-10,864.0,757.3797854246673,745.3324203134429,780.7952876769543,106.62021457533274,83.20471232304564,118.6675796865571,14.077509939818391,10.985863885499965,15.668173612531723
2025-07-11,830.0,758.4488713446013,741.0679131129623,778.5044242020783,71.55112865539866,51.49557579792165,88.93208688703776,9.43387634403762,6.7895909326925,11.72552168604012
2025-07-12,876.0,736.4167129802787,722.8914147468416,758.4554761251127,139.5832870197213,117.54452387488735,153.10858525315834,18.95438880723221,15.961686067550612,20.791025319554173
2025-07-13,866.0,769.8703560427384,747.6081552431725,789.8626665249377,96.12964395726158,76.13733347506229,118.39184475682744,12.48647167704754,9.88963049134933,15.378153455002632
2025-07-14,923.0,834.1272009018509,818.5218834704143,857.850171782351,88.87279909814913,65.14982821764899,104.47811652958568,10.654585895539752,7.810538746034128,12.525441733182284
2025-07-15,903.0,816.4702872783646,796.7596445359603,835.1794109725855,86.5297127216354,67.8205890274145,106.24035546403972,10.598023476160408,8.306559354840548,13.01215207943244
2025-07-16,851.0,789.6863776206077,772.0458501301113,805.327818299155,61.313622379392314,45.672181700845044,78.95414986988874,7.764300375059714,5.783584850286923,9.998165361264595
2025-07-17,919.0,766.8182142453454,747.6189146902298,783.0032213839851,152.18178575465458,135.99677861601492,171.38108530977027,19.845875192782476,17.735204522998252,22.349636736059125
2025-07-18,869.0,757.2706015018867,743.0010979403976,775.6858751744894,111.72939849811326,93.31412482551063,125.99890205960246,14.754223691837703,12.322428025126252,16.63855718282344
2025-07-19,806.0,737.1856884771225,720.7805137935346,752.7378329952336,68.81431152287746,53.26216700476648,85.2194862064654,9.334732428817764,7.225067962835173,11.560111317748413
2025-07-20,800.0,760.8726756327418,747.5938071875851,789.2993377045717,39.12732436725821,10.700662295428332,52.40619281241497,5.142427323299516,1.406367009635306,6.8876428988377025
2025-07-21,1003.0,839.0901949630354,823.8341353517612,857.7571337808291,163.9098050369646,145.24286621917085,179.16586464823874,19.534229576378895,17.3095654187175,21.35239640788933
2025-07-22,925.0,817.0554186195643,802.3529968930145,835.3406457290849,107.9445813804357,89.6593542709151,122.64700310698555,13.21141490779301,10.973472818085806,15.010854871288995
2025-07-23,895.0,793.8873137610594,778.570047995842,809.4896618300083,101.11268623894057,85.51033816999163,116.42995200415801,12.736402822702491,10.771092658589597,14.665803318177291
2025-07-24,862.0,776.5147759012214,758.2570301381927,790.4489574142261,85.48522409877864,71.55104258577387,103.74296986180732,11.008834184715246,9.214382624301242,13.360076727632574
2025-07-25,822.0,761.2757354718441,748.2661335030939,781.4535634104168,60.72426452815591,40.54643658958326,73.73386649690613,7.97664521522134,5.3261170296531635,9.685566354115483
2025-07-26,870.0,743.6611996708162,723.7121795857122,759.4553484595006,126.33880032918375,110.54465154049949,146.28782041428786,16.988757835571896,14.864921228838133,19.671299306598566
2025-07-27,811.0,767.9457229155176,752.7542139478558,792.6225881112564,43.05427708448235,18.37741188874366,58.2457860521442,5.606421886305471,2.393061298521663,7.584622755761068
2025-07-28,937.0,836.0502934917348,816.1592125828932,857.702829973787,100.9497065082652,79.29717002621302,120.84078741710672,12.074597341106392,9.48473682067991,14.453770109022916
2025-07-29,877.0,813.411539482762,794.1941725226188,831.9763718440453,63.58846051723799,45.023628155954704,82.80582747738121,7.817501649616758,5.53515975253863,10.180065496739372
2025-07-30,908.0,793.6088545905894,773.2282650403233,806.7812535042289,114.39114540941057,101.21874649577117,134.7717349596767,14.41404600613021,12.754236033314973,16.9821359955974
2025-07-31,827.0,763.6456799510612,747.6490990428294,784.2291847855525,63.3543200489388,42.77081521444748,79.35090095717052,8.296297839725737,5.600871757329718,10.391062640759754
2025-08-01,877.0,752.0924924146252,739.1785873670357,771.8600836511423,124.90750758537479,105.13991634885772,137.82141263296427,16.607998197715535,13.97965242430509,18.32506161449408
2025-08-02,857.0,739.5737281907168,722.2733078719971,752.8739889258123,117.42627180928321,104.12601107418767,134.7266921280029,15.877561267157672,14.079192797845883,18.216803408849646
2025-08-03,888.0,775.894170857318,757.37867944813,794.6856660200293,112.10582914268196,93.31433397997066,130.62132055187004,14.448597934279043,12.02668321078682,16.83494031248373
2025-08-04,957.0,846.8522751402221,826.536578713526,864.8425047301896,110.1477248597779,92.15749526981041,130.46342128647402,13.006722434741006,10.88235787694506,15.405688231146552
2025-08-05,890.0,807.549053266537,801.7912484186162,835.0247446831589,82.45094673346296,54.97525531684106,88.2087515813838,10.21002332922672,6.807667607864324,10.923020864748622
2025-08-06,903.0,783.8802452830677,772.9874400538914,808.5312949594205,119.11975471693233,94.46870504057948,130.0125599461086,15.196167454624002,12.051420559331202,16.58576813594271
2025-08-07,843.0,774.3497769171141,756.387570087114,793.2915610386746,68.65022308288587,49.70843896132542,86.612429912886,8.865531459981831,6.419377966276109,11.185181747932102
2025-08-08,863.0,768.0131776614409,748.8199235251917,787.8645189671709,94.98682233855914,75.13548103282913,114.18007647480835,12.367863612417294,9.783097897045552,14.866942364515227
2025-08-09,820.0,737.4742821566998,721.2561456358517,760.6779827567776,82.52571784330019,59.32201724322237,98.74385436414832,11.190318068036028,8.043943860623674,13.389464114650583
2025-08-10,869.0,795.205308075949,765.1912614074513,805.1103002695684,73.794691924051,63.889699730431595,103.80873859254876,9.279954644996279,8.034365349624853,13.054331697523594
2025-08-11,958.0,856.1519707630703,833.106173046393,872.6883902953238,101.84802923692973,85.3116097046762,124.89382695360702,11.896022285173826,9.964540480896137,14.587810484427406
2025-08-12,906.0,816.3212845384875,804.8944763434807,839.8681769766612,89.67871546151252,66.13182302333881,101.1055236565193,10.985713243066174,8.101200382240048,12.385506242640721
2025-08-13,858.0,792.42390620914,781.5163714169186,811.3466091109268,65.57609379086,46.65339088907318,76.4836285830814,8.275380547839362,5.887428499255828,9.6518577978004
2025-08-14,868.0,773.8285391425673,760.170830118498,793.7963541163649,94.17146085743275,74.20364588363506,107.82916988150198,12.169551275761743,9.589158596535563,13.934504147518386
2025-08-15,789.0,766.1083375013746,749.8992849634479,784.460210591729,22.89166249862535,4.539789408270995,39.100715036552124,2.988045081624539,0.5925779926997399,5.103810143102896
2025-08-16,780.0,737.6697466544645,718.9702669927473,759.3975388732837,42.33025334553554,20.60246112671629,61.02973300725271,5.738374596154296,2.792911220794146,8.273313807979704
2025-08-17,851.0,795.2636953877907,767.5069118673337,805.2122735522925,55.736304612209324,45.78772644770754,83.4930881326663,7.008531250132183,5.757552710284391,10.49879286793709
2025-08-18,989.0,868.4121080163083,844.4539257338763,887.5427405599177,120.58789198369175,101.45725944008238,144.54607426612372,13.886021494926828,11.683077481708384,16.64487090078772
2025-08-19,934.0,824.8781463267758,808.9280007455021,847.4102082631019,109.12185367322422,86.58979173689809,125.07199925449787,13.228845273589727,10.497282795342176,15.16248185401078
2025-08-20,894.0,803.3830466670623,783.8248621136876,819.8953490012109,90.61695333293767,74.10465099878913,110.17513788631247,11.279420658535642,9.224074531597573,13.71389878631223
2025-08-21,875.0,780.7894901209155,766.0659886125311,799.5999374414399,94.2105098790845,75.40006255856008,108.93401138746896,12.066057634112719,9.656900292918055,13.951777369672214
2025-08-22,856.0,769.8604614432312,756.2340515665818,790.581637194096,86.1395385567688,65.41836280590404,99.76594843341819,11.188980714152528,8.497431168664834,12.958965089126718
2025-08-23,805.0,735.6271953131738,721.6446429382673,762.730681576832,69.37280468682616,42.269318423168,83.35535706173265,9.430429588358615,5.746024439073783,11.331195691622888
2025-08-24,883.0,775.7873380868518,763.5249397136917,804.0563005623994,107.21266191314817,78.94369943760059,119.47506028630838,13.819851994174384,10.1759458503514,15.400491142449242
2025-08-25,958.0,889.1896616519462,854.9000607046219,902.4494879520005,68.81033834805385,55.55051204799951,103.09993929537814,7.738544577792015,6.247318704178046,11.594819838979904
2025-08-26,905.0,849.1786097534921,823.1693515543521,863.9867799442375,55.82139024650792,41.013220055762524,81.83064844564784,6.573574699757486,4.829751901978342,9.636447209781041
2025-08-27,884.0,819.5223517207528,794.7750795307937,833.9111264526334,64.4776482792472,50.0888735473666,89.22492046920622,7.867710763942356,6.1119594166278555,10.887429767090609
2025-08-28,853.0,792.893962518172,772.7714118664298,811.6547412180174,60.106037481828025,41.34525878198256,80.2285881335702,7.580589627765072,5.214475167735306,10.118451132957325
2025-08-29,892.0,780.0048376207446,760.5444625177996,800.3816565807774,111.99516237925536,91.6183434192226,131.45553748220038,14.358265100108245,11.745868615211004,16.853169511509737
2025-08-30,784.0,741.6457851908874,729.5254933028315,770.8767039599193,42.35421480911259,13.123296040080728,54.474506697168536,5.710841436011305,1.7694829933811338,7.345084106848621
2025-08-31,921.0,781.563195406357,770.0056558377016,807.810899241446,139.43680459364305,113.18910075855402,150.9943441622984,17.840758804046022,14.482399046401332,19.319531043653114
2025-09-01,804.0,780.997325964445,777.235740588154,842.6599757667549,23.002674035554946,-38.659975766754876,26.764259411846016,2.9452948519572963,-4.950077866017542,3.426933553043235
2025-09-02,978.0,791.7175095750986,772.0219429018651,826.2372142369946,186.28249042490143,151.76278576300538,205.97805709813485,23.528908754951765,19.168805025476058,26.016610041715488
2025-09-03,914.0,776.4613497797407,756.3416509407102,798.1871437244484,137.53865022025934,115.81285627555152,157.65834905928972,17.71352176889101,14.915469560513763,20.304725934396192
2025-09-04,902.0,760.8020219474615,747.8859518108968,782.1590438815952,141.19797805253847,119.8409561184048,154.1140481891032,18.559096056436236,15.751923977757336,20.256787408977967
2025-09-05,842.0,765.6035050431003,745.043213858852,780.6526749339129,76.39649495689969,61.34732506608718,96.95678614114803,9.978597858247642,8.012936808933965,12.664099041146601
2025-09-06,892.0,737.2102068030024,721.6405899417882,759.3954927718855,154.7897931969976,132.60450722811453,170.35941005821186,20.9966969757868,17.987340110654376,23.108661340568684
2025-09-07,884.0,782.6638263738763,764.3455886500075,809.9091737199732,101.3361736261237,74.09082628002686,119.65441134999254,12.947598983285028,9.466494270380894,15.288097816447948
2025-09-08,1032.0,868.9565196048968,834.2982455711626,887.7605320138463,163.0434803951032,144.2394679861537,197.70175442883743,18.763134485628456,16.59915826993708,22.751627954725496
2025-09-09,905.0,853.4812612604852,823.8097366853384,866.5418474509556,51.51873873951479,38.45815254904434,81.19026331466166,6.036305784081076,4.506033617216909,9.51283490334091
2025-09-10,906.0,827.6201507271566,801.7133650165351,839.6655999571688,78.37984927284344,66.33440004283126,104.28663498346486,9.470510016458396,8.015077929718013,12.60078490015467
2025-09-11,854.0,801.2907409811005,782.5820319803239,818.7359038857688,52.7092590188995,35.264096114231165,71.41796801967612,6.578044188350694,4.400911468295989,8.912865751104519
2025-09-12,876.0,786.6798146294119,769.2350745259703,806.2448247657044,89.32018537058809,69.75517523429562,106.76492547402978,11.354071085790466,8.867035093198087,13.571585731397526
2025-09-13,843.0,761.2225207668392,749.2872956640077,782.4388793490873,81.77747923316076,60.56112065091274,93.71270433599233,10.742913800130333,7.955771012910229,12.310816059617911
2025-09-14,929.0,799.2506024749208,779.2892610261779,819.3625345765595,129.7493975250792,109.63746542344057,149.71073897382212,16.23388172912269,13.717533034562937,18.73138894237115
2025-09-15,986.0,894.8212242198521,862.7369001847848,910.9682570927051,91.17877578014793,75.03174290729491,123.26309981521527,10.189608081730734,8.385109883006091,13.77516496914587
2025-09-16,991.0,870.022683798633,847.5246449349127,885.4192590353194,120.97731620136699,105.58074096468054,143.4753550650873,13.905076092173157,12.135400941927307,16.49099014736663
2025-09-17,913.0,836.4812018998168,821.1006843043647,858.6744235469392,76.51879810018318,54.32557645306072,91.8993156956353,9.14770086003052,6.49453643783942,10.98641732616507
2025-09-18,913.0,811.2956812889316,798.7308283611699,837.1480192175619,101.70431871106837,75.85198078243813,114.26917163883012,12.536036004713772,9.349486572137256,14.084775042471199
2025-09-19,902.0,807.5266085123725,790.1197681707803,827.15786907905,94.47339148762751,74.84213092095001,111.88023182921975,11.699105700264989,9.268069947419361,13.854680533106617
2025-09-20,841.0,785.4501632535321,772.171825948653,804.557024963123,55.54983674646792,36.44297503687701,68.82817405134705,7.072356636398995,4.639756504209132,8.762895123255616
2025-09-21,918.0,825.8392224541391,806.2411460151486,847.8878984193925,92.16077754586092,70.11210158060744,111.75885398485143,11.15965130258497,8.489800396287299,13.532761698183654
2025-09-22,1033.0,901.8865881387325,876.9204052100481,919.8649335877066,131.11341186126754,113.13506641229348,156.07959478995193,14.53768285121666,12.544267527669511,17.30590041393797
2025-09-23,944.0,877.2669243837744,859.3886833257844,901.450933797521,66.73307561622562,42.549066202479054,84.61131667421556,7.606929403282982,4.850184706595103,9.644877097543574
2025-09-24,965.0,846.1061035634855,833.9252060830659,869.9564340045325,118.89389643651452,95.04356599546753,131.0747939169341,14.051889702222626,11.233055239192726,15.491531542544799
2025-09-25,921.0,827.5184317244577,814.7943864974361,850.341621963455,93.48156827554226,70.65837803654499,106.20561350256393,11.296614636212624,8.538586613629944,12.834229357434742
2025-09-26,983.0,819.5192555672355,802.8235975236039,839.636401897319,163.48074443276448,143.36359810268098,180.17640247639608,19.94837135579081,17.49362167255618,21.98562160100629
2025-09-27,884.0,801.1825150817732,784.139199252971,818.321384352259,82.8174849182268,65.67861564774104,99.86080074702899,10.336906180456769,8.197709561976339,12.46417624788487
2025-09-28,903.0,832.0756024339728,813.0997613222252,851.0309237848362,70.92439756602721,51.9690762151638,89.9002386777748,8.523792472530191,6.245715661310676,10.804335377073937
2025-09-29,990.0,894.3759205403111,862.1820987836447,908.306512493997,95.62407945968891,81.69348750600291,127.81790121635524,10.691709969329274,9.134133156967172,14.2912950003325
2025-09-30,983.0,875.4417893545885,856.4404921931692,895.1985898992726,107.55821064541146,87.80141010072735,126.5595078068308,12.286163620851111,10.029383011914263,14.456644558873029
2025-10-01,995.0,851.3937492993405,839.2744057075872,871.0408199941095,143.60625070065953,123.95918000589047,155.72559429241275,16.867195797343022,14.559559558418584,18.29066685309448
2025-10-02,968.0,836.5060519435298,817.7289163106178,848.7381053957614,131.49394805647023,119.26189460423855,150.27108368938224,15.719425789085268,14.257146655083565,17.964135864916205
2025-10-03,944.0,827.3118629863304,804.2895091957902,837.0897414294285,116.68813701366958,106.9102585705715,139.7104908042098,14.104492179341275,12.922606740420688,16.88728242091196
2025-10-04,858.0,803.8778478919617,785.8874692912859,822.6066943562317,54.122152108038335,35.39330564376831,72.11253070871403,6.732633851021625,4.40282136602986,8.970583142428588
2025-10-05,928.0,843.7220285755584,819.1391209283324,861.4596287005594,84.2779714244416,66.5403712994406,108.86087907166757,9.988831459897602,7.88652767686765,12.902457845678812
2025-10-06,1021.0,849.8785179102481,835.6549009369874,898.4219976910874,171.1214820897519,122.57800230891256,185.34509906301267,20.134816739517035,14.423002785188352,21.808422634184776
2025-10-07,1009.0,840.9622527064008,821.0059888860187,869.7857735103058,168.03774729359918,139.21422648969414,187.99401111398126,19.981604020015986,16.55415876772974,22.35463131775241
2025-10-08,942.0,827.8071364657264,811.030638405702,857.1005940274912,114.19286353427356,84.89940597250886,130.969361594298,13.794621778910148,10.255940331099566,15.821240941877349
2025-10-09,955.0,808.4555116955014,786.3798332837678,828.3407941124489,146.5444883044986,126.65920588755117,168.62016671623223,18.126475258627895,15.666812094820179,20.857074294985047
2025-10-10,932.0,795.8706197488191,772.2523513405334,818.0579905827119,136.12938025118092,113.94200941728809,159.74764865946662,17.104461061038297,14.316649790797502,20.072062555831476
2025-10-11,953.0,806.1537105493745,786.2418067304134,826.8223323571333,146.84628945062548,126.17766764286675,166.75819326958663,18.21566874021497,15.651812550348453,20.685657224841762
2025-10-12,947.0,840.8972512966113,815.0154209572082,862.361007498745,106.10274870338867,84.63899250125492,131.98457904279184,12.617801822967648,10.065319201691628,15.695684441741223
2025-10-13,826.0,925.0126689275385,893.6352408917517,944.3663126562872,-99.01266892753847,-118.3663126562871,-67.63524089175169,-10.703925714048216,-12.796182866719139,-7.311817790578816
2025-10-14,984.0,917.1900088783583,886.362486631352,932.0808535028378,66.8099911216417,51.91914649716217,97.63751336864799,7.28420397899279,5.660675104895076,10.645287500247628
2025-10-15,1017.0,892.2376672642681,866.4217390080578,905.3435602902115,124.76233273573189,111.65643970978854,150.5782609919422,13.983082906404473,12.514203760545506,16.87647434272051
2025-10-16,934.0,864.9606489006279,845.5710561014444,886.2625015245703,69.03935109937208,47.7374984754297,88.4289438985556,7.981790985187785,5.519037026262924,10.223464386611058
2025-10-17,951.0,845.5125328844208,822.4165641791448,865.5214231033027,105.4874671155792,85.47857689669732,128.58343582085521,12.47615653380256,10.109675915162573,15.207750425910271
2025-10-18,924.0,832.087314885789,809.0619969571586,845.0350315906472,91.91268511421094,78.96496840935282,114.93800304284142,11.046038494989762,9.489985846039657,13.813214188779892
2025-10-19,949.0,868.2440518854061,838.9925036383335,886.5572398985364,80.75594811459393,62.44276010146355,110.00749636166651,9.30106551714706,7.191844270728729,12.670112294208462
2025-10-20,1057.0,932.3589822682253,904.9507102145382,952.0899379461258,124.6410177317747,104.91006205387424,152.04928978546178,13.368350614111144,11.25211040479827,16.30802005205754
2025-10-21,990.0,882.0231648265344,870.6572370682856,912.9708050068166,107.97683517346559,77.02919499318347,119.34276293171443,12.241950039339518,8.733239450500445,13.530570135897205
2025-10-22,925.0,859.6437829655223,849.2696567880375,890.7498453940092,65.35621703447771,34.2501546059908,75.7303432119625,7.602709206948216,3.984226406877239,8.809502809491011
2025-10-23,977.0,857.5258063426317,835.8925181559555,877.0811864624638,119.47419365736835,99.9188135375362,141.10748184404457,13.93243127771614,11.651989106157908,16.45518779730623
2025-10-24,893.0,832.0873298976006,815.8805821045715,857.1020568113195,60.912670102399375,35.89794318868058,77.1194178954284,7.320466003237362,4.314203797947302,9.26818798033122
2025-10-25,917.0,838.7620180242957,811.0275826777204,853.6755713946872,78.23798197570432,63.32442860531284,105.97241732227968,9.327792662809639,7.549749183263395,12.634384371850524
2025-10-26,984.0,862.5557067594658,842.4749108690778,888.9607243395926,121.4442932405342,95.03927566040736,141.52508913092223,14.07958840093796,11.01833480616113,16.407646256566736
2025-10-27,1047.0,967.5555620526716,937.1587141472353,990.4889389448404,79.44443794732842,56.51106105515968,109.84128585276474,8.210839879705393,5.840601126334421,11.352452526833309
2025-10-28,1051.0,922.5286589914028,903.9909634369475,945.4609953119806,128.47134100859716,105.53900468801939,147.00903656305255,13.925999995388155,11.440187105233651,15.93544386184999
2025-10-29,1005.0,891.231031013375,878.8951698515681,918.4380511067666,113.76896898662505,86.56194889323349,126.1048301484319,12.765373402367281,9.712627352619014,14.149510706000028
2025-10-30,960.0,889.001369391549,858.4332134497064,907.6431185645042,70.99863060845098,52.356881435495836,101.56678655029361,7.986335348059578,5.889403912991717,11.424817784004993
2025-10-31,906.0,863.1746658002583,845.2951476777067,888.4167437749021,42.82533419974175,17.5832562250979,60.70485232229334,4.961375246114056,2.0370449831027284,7.032742587042129
2025-11-01,917.0,846.9694624601065,823.1414401436939,862.7334875439138,70.03053753989354,54.26651245608617,93.85855985630612,8.26836629227256,6.407139201744502,11.081693498568963
2025-11-02,974.0,868.2437933687148,847.6892022746132,893.3073901245374,105.75620663128518,80.69260987546262,126.31079772538683,12.180473668686966,9.29377330327717,14.547849197436964
2025-11-03,1018.0,1006.1448756944858,964.7475182727183,1020.9123905294632,11.85512430551421,-2.9123905294632375,53.252481727281804,1.1782720949934051,-0.2894603550460838,5.292725035301162
2025-11-04,1038.0,952.1767131584304,927.6660405099416,975.4305613982103,85.8232868415696,62.56943860178966,110.33395949005843,9.01337804795586,6.571200254860558,11.587550710421567
2025-11-05,1044.0,901.170591585447,892.0558526809891,934.122178571333,142.82940841455297,109.87782142866695,151.94414731901088,15.849319734598796,12.192788186236386,16.860752973717503
2025-11-06,957.0,879.6499739326076,864.9430316671678,908.2771015439165,77.35002606739238,48.72289845608352,92.05696833283223,8.793273274548904,5.538896140502395,10.465181726917775
2025-11-07,1019.0,837.4463210747143,839.3733773940934,882.6153220422937,181.55367892528568,136.38467795770637,179.62662260590668,21.679440742218993,16.285781491365412,21.449329716487096
2025-11-08,943.0,849.95879227368,827.8555148899079,877.6503338126232,93.04120772631995,65.34966618737677,115.14448511009215,10.946555123858454,7.688568761382338,13.547066770387206
2025-11-09,970.0,878.6390737265484,854.4687800237318,903.4794279737793,91.36092627345158,66.5205720262207,115.53121997626819,10.398004027520075,7.570864307694487,13.148882565200374
2025-11-10,1130.0,944.886394387046,911.0784840813689,967.5090040016203,185.11360561295396,162.49099599837973,218.92151591863114,19.591096528915347,17.196881758868876,23.169083311930528
2025-11-11,834.0,892.4349441523416,869.6187401692298,922.7981154382453,-58.434944152341586,-88.79811543824529,-35.618740169229824,-6.54780995917239,-9.950093955877994,-3.9911861814265293
2025-11-12,996.0,906.054839447269,887.7150158458907,933.1390775455691,89.94516055273095,62.86092245443092,108.28498415410938,9.927121034704832,6.9378717178729135,11.951261605772968
2025-11-13,979.0,882.6942213949517,861.0642644249584,908.8530315772111,96.30577860504832,70.14696842278887,117.93573557504163,10.910434924208865,7.9469160126519505,13.360882253048377
2025-11-14,1014.0,864.3345084124808,848.1504773171011,890.5713443861508,149.66549158751923,123.42865561384916,165.8495226828989,17.31569087324873,14.280195273071996,19.18811768692586
2025-11-15,935.0,861.0382744200472,834.7070567802133,879.5472919789177,73.96172557995283,55.452708021082294,100.29294321978671,8.589830182609454,6.440214061149895,11.647907671391156
2025-11-16,1058.0,900.5132203993523,871.1824679782127,916.8675785795177,157.48677960064765,141.13242142048227,186.81753202178731,17.488558305763316,15.672443027309916,20.745673443743446
2025-11-17,1120.0,975.6058290500164,948.8086679208018,1003.2500769942087,144.39417094998362,116.74992300579133,171.1913320791982,14.800462097544617,11.966915277605002,17.547182169451933
2025-11-18,1039.0,944.8051146918381,920.5203588113178,963.5980332695435,94.19488530816193,75.40196673045644,118.4796411886822,9.96976877489544,7.980689938903418,12.540114288789184
2025-11-19,1096.0,910.678503509891,876.3062264712042,924.4193258351405,185.32149649010898,171.5806741648595,219.69377352879573,20.349826615633535,18.840971155414554,24.124185723289074
2025-11-20,991.0,854.2147271614233,838.5829844370884,885.3022807140773,136.7852728385767,105.69771928592277,152.4170155629116,16.012984614900937,12.373670919624496,17.8429393355693
2025-11-21,971.0,855.4990777481565,835.3683421517666,880.910621830066,115.50092225184346,90.08937816993402,135.6316578482335,13.500999037411567,10.53062247677311,15.854097494206885
2025-11-22,959.0,844.0772788561028,826.2920874206293,871.2834786442406,114.9227211438972,87.71652135575934,132.70791257937069,13.615189511988875,10.39200124834934,15.722246754375028
2025-11-23,969.0,864.6284474661768,845.4455323298589,894.9319747768561,104.3715525338232,74.06802522314389,123.55446767014114,12.071260532739538,8.566457122733212,14.28989157507155
2025-11-24,1165.0,964.491375703767,937.3369730017074,986.7133268039876,200.50862429623305,178.2866731960124,227.66302699829262,20.789053105832757,18.485045868442395,23.604464771099916
2025-11-25,1089.0,970.6110260121719,933.1891922878222,984.3721831147626,118.38897398782808,104.6278168852374,155.81080771217782,12.197365454855593,10.779582559978596,16.052857791275894
2025-11-26,1011.0,937.4766297052645,907.7914479224777,957.3201637102062,73.52337029473551,53.67983628979385,103.20855207752236,7.8426883364389255,5.72599194357201,11.009186662068615
2025-11-27,805.0,900.0362309344339,872.1899660099313,919.819429133946,-95.03623093443389,-114.81942913394589,-67.1899660099312,-10.559156139277366,-12.757200786765916,-7.465251253293809
2025-11-28,958.0,892.8378905639375,871.539866431083,912.2401249460544,65.16210943606245,45.759875053945585,86.46013356891697,7.2983136272257125,5.125216518873607,9.683743766105929
2025-11-29,1013.0,880.1714548284664,864.5112380765138,905.4414041813951,132.82854517153362,107.55859581860487,148.48876192348624,15.091212563513562,12.22018678617186,16.870435993908107
2025-11-30,1001.0,899.7947656767972,878.0921806282877,921.0437584433737,101.20523432320283,79.95624155662637,122.90781937171235,11.24759091558834,8.886053198640893,13.659539270520758
2025-12-01,1118.0,991.1687495858923,973.8345499191257,1020.0451531940951,126.83125041410767,97.95484680590496,144.1654500808743,12.796130877521858,9.882761825050503,14.544995505670073
2025-12-02,1038.0,972.1233311727034,950.1133404143739,995.7949527019539,65.87666882729661,42.20504729804617,87.88665958562612,6.776575226090653,4.341532184721138,9.040690287682493
2025-12-03,980.0,938.1346692564725,918.1644355415368,964.3746790246311,41.865330743527466,15.62532097536894,61.83556445846323,4.462614176353617,1.6655733432976032,6.591331339185193
2025-12-04,974.0,908.4705183750065,892.3737188842229,933.6513773279656,65.52948162499354,40.34862267203437,81.6262811157772,7.213165457719752,4.441379423539961,8.985022569778405
2025-12-05,999.0,898.0462476051318,879.2048229801392,923.7667195053793,100.95375239486816,75.23328049462064,119.7951770198608,11.241487024091127,8.377439435357507,13.339533163166712
2025-12-06,1006.0,904.3459299548738,881.5081557660633,923.0996080911594,101.65407004512622,82.90039190884053,124.49184423393669,11.240617851865457,9.166889479225855,13.765953946422774
2025-12-07,957.0,908.287939927107,887.1710729322297,934.6201083099711,48.712060072892996,22.379891690028977,69.82892706777031,5.363063620199812,2.463964422100004,7.687972502791824
2025-12-08,1162.0,1023.3263582736555,992.3779902889859,1042.9898543497463,138.6736417263445,119.01014565025362,169.6220097110141,13.551262566937686,11.629735195233602,16.57555366766525
2025-12-09,1131.0,988.9312347341023,965.9652204170037,1014.76272943877,142.0687652658977,116.23727056123003,165.03477958299635,14.36588918177878,11.753827412730388,16.688195678981653
2025-12-10,1068.0,960.5017710558559,937.3418157834246,984.9416697113382,107.4982289441441,83.05833028866176,130.65818421657542,11.191882428907336,8.647389603181866,13.603117469835178
2025-12-11,988.0,922.3733664624212,905.0535359695167,949.3402209188558,65.62663353757875,38.65977908114421,82.94646403048326,7.114974903197455,4.191337313805586,8.99272106572286
2025-12-12,946.0,912.9808665056556,897.7964995485,938.9686717091759,33.01913349434437,7.031328290824119,48.203500451499956,3.6166292970324623,0.7701506733362151,5.279793062476118
2025-12-13,950.0,920.0313070133836,889.3723804403744,935.6641078761938,29.96869298661636,14.335892123806156,60.62761955962557,3.2573557832397118,1.558196119471575,6.589734403325433
2025-12-14,989.0,916.584705983005,893.5157900931711,943.2423295059042,72.41529401699495,45.75767049409579,95.48420990682904,7.9005566582449225,4.99219223225226,10.417390698705317
2025-12-15,1183.0,998.3477047869847,967.2841685542771,1018.3546490144325,184.65229521301535,164.64535098556743,215.7158314457229,18.495790026623464,16.49178439496663,21.60728475774377
2025-12-16,1117.0,980.0451364537046,957.7237269270458,1010.8219350742681,136.95486354629543,106.17806492573185,159.27627307295418,13.97434245139636,10.83399743300981,16.251932400715308
2025-12-17,1078.0,948.034296838152,924.9080480589766,977.1630374391256,129.96570316184796,100.8369625608744,153.09195194102332,13.708966394496974,10.636425591055303,16.148355861344864
2025-12-18,973.0,890.1629022769042,874.4833944949535,927.9368540427938,82.83709772309578,45.06314595720619,98.51660550504654,9.305835764578688,5.062348233333626,11.06725580824091
2025-12-19,1066.0,887.7524742419051,872.7609522814992,923.9562212820545,178.24752575809487,142.0437787179455,193.23904771850084,20.078516357874314,16.000381056582643,21.767221531375288
2025-12-20,977.0,875.9234821981858,852.0837971924161,901.3114740518457,101.07651780181425,75.6885259481543,124.91620280758393,11.53942323228466,8.640997471401167,14.261086196033787
2025-12-21,1054.0,895.3737082544812,880.5486949175954,929.2250858227253,158.62629174551876,124.77491417727471,173.4513050824046,17.716210592642767,13.935512404147055,19.371945309913727
2025-12-22,1130.0,919.773021028506,896.3603156981791,956.7616240358599,210.22697897149396,173.23837596414018,233.63968430182092,22.856397629103594,18.834905134575706,25.401884917276764
2025-12-23,1132.0,922.8167113817237,890.0570125196625,948.9500764226044,209.18328861827626,183.04992357739565,241.94298748033742,22.66791292770027,19.83600007669095,26.21788102624179
2025-12-24,1050.0,911.7165916006313,879.695361311516,938.2534896574148,138.28340839936868,111.74651034258527,170.30463868848406,15.167367762452919,12.256715669328827,18.679559005226963
2025-12-25,894.0,909.1726567319266,855.331405717979,924.726596466618,-15.172656731926622,-30.726596466618012,38.668594282021,-1.668842174209859,-3.3796217076156387,4.253162916383505
2025-12-26,1063.0,879.2905847730714,842.8788942274573,906.4947622350435,183.70941522692863,156.50523776495652,220.12110577254273,20.892912810426672,17.79903486688051,25.033943224736326
2025-12-27,986.0,896.3559420576088,880.7112776171568,943.8454538070201,89.64405794239121,42.15454619297983,105.2887223828432,10.000944238358136,4.7028802080803915,11.746307180287126
2025-12-28,1005.0,946.1471119908191,915.0522150565511,985.3804107134846,58.8528880091809,19.619589286515474,89.94778494344891,6.2202682081168765,2.073629886713204,9.506744120815085
2025-12-29,1136.0,955.7036131202635,938.7182150644926,1007.4287229531477,180.29638687973647,128.5712770468523,197.28178493550746,18.865303469041965,13.453049175683422,20.642569749360355
2025-12-30,1154.0,977.3281653557649,948.1951021749475,1001.7339884427,176.6718346442351,152.26601155730006,205.80489782505254,18.077022734725283,15.57982435734598,21.057911264650382
2025-12-31,1048.0,967.4756574408609,933.5135072097332,984.8879571854075,80.52434255913909,63.11204281459255,114.48649279026678,8.323138875880328,6.5233726894519215,11.83352696367609
2026-01-01,875.0,879.5861360213512,858.0536954524109,898.4206231621649,-4.586136021351194,-23.420623162164965,16.94630454758907,-0.5213970336203514,-2.6626867117419466,1.926622516385105
2026-01-02,1044.0,853.5770842721895,834.509020040656,879.6710959885767,190.4229157278105,164.3289040114233,209.49097995934406,22.30881302186977,19.25179424791375,24.542713695034177
2026-01-03,996.0,872.7920190939916,857.9218582519462,914.0378903304174,123.2079809060084,81.96210966958257,138.07814174805375,14.116533860369781,9.390795043550465,15.820280058402323
2026-01-04,1011.0,905.7646594778853,890.6928959399805,945.3108715572746,105.23534052211471,65.68912844272546,120.30710406001951,11.618397717435352,7.252339529408333,13.282380009103997
2026-01-05,1142.0,1016.9291117311063,973.603391607065,1036.457268949871,125.07088826889367,105.54273105012909,168.3966083929351,12.298879717976309,10.378573081703301,16.55932615659665
2026-01-06,1142.0,999.0003791634613,974.1399892478605,1027.8346835460304,142.99962083653872,114.1653164539695,167.86001075213952,14.314270927132494,11.427955267601478,16.8027975017088
2026-01-07,994.0,967.4845210112534,942.850385876701,995.3392369529423,26.515478988746622,-1.3392369529423316,51.14961412329895,2.740661831057678,-0.1384246387262618,5.286866405866146
2026-01-08,1048.0,951.0086770749209,925.0422901839812,976.5309715682918,96.99132292507909,71.46902843170827,122.9577098160188,10.198784223862353,7.515076376750861,12.929189057896698
2026-01-09,1039.0,926.894989520546,893.641274976118,944.1782337381686,112.105010479454,94.82176626183139,145.35872502388207,12.094682973466329,10.230044107896163,15.682329354166823
2026-01-10,992.0,924.0633900450747,885.8575856143784,933.6923993659118,67.9366099549253,58.307600634088274,106.14241438562162,7.351942592554331,6.309913504012328,11.486486265887464
2026-01-11,987.0,939.682112529481,912.5413630841565,960.5902943732215,47.317887470519054,26.409705626778553,74.45863691584346,5.0355207191447455,2.810493599339425,7.923811246700456
2026-01-12,1148.0,841.781048904585,826.3127379470527,912.1951475515104,306.21895109541504,235.8048524484896,321.68726205294735,36.37750594336849,28.012611207551412,38.21507534192663
2026-01-13,1124.0,918.5295203408783,896.4470195657103,956.4651428045512,205.47047965912168,167.53485719544884,227.5529804342897,22.369502025680013,18.239463564902568,24.77361645925564
2026-01-14,1045.0,911.3500950821546,893.2518169561296,940.2078391993102,133.64990491784545,104.79216080068973,151.74818304387043,14.665045369397525,11.498562557481616,16.650920854975162
2026-01-15,1019.0,884.8893706070573,868.3516482822051,918.4357144971037,134.11062939294266,100.56428550289628,150.6483517177949,15.155637964205543,11.364616735525543,17.024540775582622
2026-01-16,996.0,892.884042331884,858.6816918071647,913.8049281885482,103.11595766811604,82.19507181145185,137.31830819283527,11.548639328217265,9.205570702864017,15.37918718249354
2026-01-17,1013.0,883.1176798410391,856.1528586513434,910.2605242074029,129.88232015896085,102.73947579259705,156.84714134865658,14.707249455399833,11.63372426323637,17.760616158979964
2026-01-18,1038.0,918.9797395811553,893.5919983877462,941.0043144842733,119.02026041884471,96.9956855157267,144.4080016122538,12.951347596965604,10.554714248644325,15.713948348640509
2026-01-19,939.0,1022.628737004936,984.9562671758013,1047.9517293537401,-83.62873700493606,-108.95172935374006,-45.95626717580123,-8.17781996327103,-10.65408446009807,-4.493934652217719
2026-01-20,1161.0,1015.6809175798784,981.2483757380926,1032.4056986113144,145.31908242012162,128.59430138868572,179.75162426190738,14.307552687548938,12.660895677265927,17.697647080956482
2026-01-21,1051.0,957.0525750908096,932.5268488400536,980.3273793986289,93.94742490919043,70.67262060137111,118.47315115994635,9.816328523046527,7.384403160366123,12.378959551799449
2026-01-22,1063.0,947.0038395637317,918.1909454196318,965.6773021030962,115.99616043626827,97.3226978969038,144.80905458036816,12.248752918436496,10.276906368377418,15.2912848428449
2026-01-23,1030.0,933.1041224879091,901.2695485056488,954.1741545103521,96.89587751209092,75.82584548964796,128.73045149435126,10.384251358116412,8.12619338637961,13.795936422520665
2026-01-24,1028.0,897.3049271256187,868.6507179286406,919.4502006579437,130.69507287438125,108.54979934205635,159.34928207135943,14.565290897604143,12.097314531614051,17.758654528044428
2026-01-25,1044.0,918.332455052513,890.4403367094172,941.6302071857322,125.66754494748704,102.36979281426785,153.55966329058276,13.68431925236716,11.147356521164662,16.72157642319216
2026-01-26,1139.0,1003.0660397714107,983.4910610649808,1030.8688525985103,135.93396022858929,108.1311474014898,155.50893893501922,13.551845525501726,10.780062639358407,15.503359975227376
2026-01-27,1091.0,986.9797231188466,965.6217715690153,1010.8045921993738,104.02027688115345,80.19540780062621,125.37822843098466,10.539251662886281,8.125334890083606,12.703222314921591
2026-01-28,1047.0,948.3423203346226,929.7283057381446,975.0358153234029,98.65767966537737,71.96418467659714,117.27169426185534,10.403171676506643,7.588418562951464,12.365966565794093
2026-01-29,1051.0,933.8720334506231,910.4808145081192,957.6583230874759,117.12796654937688,93.34167691252414,140.51918549188076,12.5421859049139,9.99512498169905,15.046942242468436
2026-01-30,1022.0,905.6265752541324,880.420589053551,926.4939669496134,116.37342474586762,95.50603305038655,141.57941094644897,12.850045253277987,10.545851420447343,15.633310109823098
2026-01-31,993.0,884.3003813059597,862.9755261149077,911.4298714407907,108.69961869404028,81.5701285592093,130.02447388509233,12.292160106672082,9.224255726175787,14.703654621642084
2026-02-01,1038.0,915.6407225005948,894.1508936330529,942.7901745923037,122.35927749940515,95.20982540769629,143.84910636694713,13.36324111549393,10.398164156316717,15.710212841353137
2026-02-02,1124.0,1030.9110018753565,1003.0371260186,1051.35639934447,93.08899812464347,72.6436006555301,120.96287398140001,9.029780257975993,7.04654432083684,11.733590364381925
2026-02-03,1118.0,985.2629553674308,969.6828291919834,1014.3705596920884,132.73704463256922,103.6294403079117,148.3171708080166,13.472245547186745,10.517947492430132,15.053562097308852
2026-02-04,1062.0,959.131294274076,937.7748075367008,990.4918302218031,102.86870572592397,71.50816977819694,124.22519246329921,10.725195428409073,7.455514193426282,12.951844362175645
2026-02-05,1052.0,951.3241238595781,921.7301312673206,973.1855098021894,100.6758761404219,78.8144901978107,130.26986873267933,10.582710310338179,8.284714769773277,13.693531517330472
2026-02-06,1072.0,933.565047164628,901.5832664818298,954.1143728217246,138.43495283537197,117.88562717827543,170.41673351817025,14.828634946843708,12.627467955908495,18.254403807827906
2026-02-07,982.0,907.2418034469516,881.7466419163874,923.6422243841702,74.75819655304838,58.35777561582981,100.25335808361261,8.240162244399892,6.432439002932487,11.05034597201237
2026-02-08,1023.0,939.5162540292038,905.377677434676,950.7534570893584,83.48374597079624,72.24654291064155,117.62232256532397,8.88582242327031,7.689759767412801,12.519455843460888
2026-02-09,1146.0,986.2542003297906,962.3309971016129,1015.9529466629792,159.7457996702094,130.04705333702074,183.6690028983871,16.197223760040007,13.185956855092197,18.62288676052995
2026-02-10,1101.0,979.1167784836357,959.8832123928887,1000.2511315534767,121.8832215163643,100.74886844652326,141.11678760711126,12.448282390291137,10.289770399252443,14.41266156480943
2026-02-11,1087.0,955.0584724449142,928.4447702959079,975.0318215263559,131.94152755508583,111.96817847364417,158.55522970409214,13.815020897864025,11.723698779092532,16.60162537464294
2026-02-12,1033.0,945.1304018846092,914.714800376008,958.7743083379778,87.86959811539077,74.22569166202226,118.28519962399193,9.297087252740681,7.853486832506364,12.515225347542398
2026-02-13,1024.0,907.4539598645403,886.1787114067358,926.974165770302,116.54604013545975,97.025834229698,137.82128859326414,12.843190430604007,10.692094422529324,15.187689369258727
2026-02-14,948.0,884.3746931875773,863.9866893562781,902.83654124491,63.62530681242265,45.16345875509005,84.01331064372187,7.194383478239988,5.106823963076791,9.499741601708463
2026-02-15,1040.0,906.1138925454421,889.1689279116308,927.2331499059605,133.88610745455787,112.76685009403941,150.83107208836918,14.775858593056878,12.445107731132605,16.645928655244067
2026-02-16,957.0,925.5612394872062,902.8240497220186,965.1741641667918,31.438760512793806,-8.174164166791773,54.17595027798143,3.3967239736845505,-0.8831575716503155,5.853308021843787
2026-02-17,1090.0,952.9769554132025,919.5624400718517,973.2201944029549,137.02304458679748,116.77980559704515,170.43755992814837,14.37842161958528,12.25421086351563,17.884751458050538
2026-02-18,1047.0,936.6458776826032,900.6494909929523,943.0210858733055,110.35412231739679,103.97891412669448,146.3505090070477,11.78184038885953,11.10119807327325,15.624956292888399
2026-02-19,1056.0,922.2008607982166,888.1247119169901,930.03445140369,133.79913920178342,125.96554859631001,167.87528808300993,14.508676459700196,13.659231296669985,18.203766144579877
2026-02-20,998.0,884.8794065246632,860.5803855097085,905.9705976623987,113.12059347533682,92.02940233760121,137.41961449029148,12.783729923110595,10.400219697624546,15.529756199209432
2026-02-21,966.0,872.7767053337545,847.6902647661889,890.5119166825878,93.22329466624547,75.48808331741222,118.30973523381117,10.681230845935143,8.649186310322658,13.55555602146472
2026-02-22,998.0,899.3118132389208,883.4800788526744,930.5662211126064,98.68818676107924,67.4337788873936,114.51992114732562,10.973745180289395,7.498375746286168,12.73417289325666
2026-02-23,1105.0,995.4417530647577,964.7152602830017,1020.512528579075,109.55824693524232,84.48747142092505,140.28473971699827,11.005992726137448,8.487434966516698,14.092712033134113
2026-02-24,1035.0,962.2544529224742,943.3438976593665,986.722021631654,72.74554707752577,48.27797836834596,91.6561023406335,7.559907554242999,5.017173806961387,9.525141927092536
2026-02-25,1059.0,937.9921160452556,916.8895236704371,959.6661202284872,121.00788395474444,99.3338797715128,142.11047632956283,12.900735718860364,10.590054870644586,15.150497951808626
2026-02-26,1017.0,922.2955947380176,903.9292552149909,947.1365130257435,94.7044052619824,69.86348697425649,113.07074478500905,10.268335423296001,7.574956160785041,12.25970778025101
2026-02-27,975.0,907.2981648186883,886.0679915217501,933.7374779503157,67.70183518131171,41.26252204968436,88.93200847824998,7.4619169096237545,4.547845862548409,9.801850364816056
2026-02-28,969.0,884.8575045905169,866.6726666399692,907.7975283141975,84.1424954094831,61.202471685802536,102.32733336003078,9.509157686176996,6.916647185370829,11.564272533054293
2026-03-01,988.0,893.6276622181235,882.7761180046839,923.6578798120852,94.37233778187647,64.34212018791486,105.22388199531616,10.560588237345918,7.200103903252912,11.774913249007316
2026-03-02,1161.0,1006.5608551223748,982.1837523127128,1028.4164518562561,154.43914487762515,132.58354814374385,178.81624768728716,15.343249649704378,13.171935652874632,17.765070713538446
2026-03-03,1034.0,957.3150422708052,935.4678846188278,982.7265761231276,76.68495772919482,51.273423876872315,98.53211538117222,8.01042022146584,5.355961372470328,10.292548537360124
2026-03-04,979.0,933.9512401217256,913.6373305378982,952.9229525907455,45.04875987827438,26.077047409254565,65.36266946210189,4.823459506558715,2.7921208612406616,6.998509842289295
2026-03-05,992.0,914.394002917844,898.4184966141702,940.3313013769454,77.60599708215602,51.66869862305464,93.58150338582985,8.487150706863147,5.650594651559295,10.234264779428775
2026-03-06,945.0,910.4432365084999,887.4701594942371,929.845367181889,34.55676349150008,15.15463281811107,57.5298405057629,3.795597803990876,1.6645335162495423,6.318882737422126
2026-03-07,976.0,887.5799344636154,867.3963514595507,910.5966272323582,88.42006553638464,65.40337276764188,108.60364854044934,9.961927044894146,7.368730435210504,12.235928768047351
2026-03-08,1031.0,890.8999579991375,871.9878438702914,920.7867350911877,140.10004200086246,110.21326490881238,159.01215612970867,15.725676125915596,12.371003491384055,17.848486207905133
2026-03-09,1151.0,983.6020808625125,964.4187340161214,1008.7020677502318,167.39791913748752,142.29793224976825,186.58126598387855,17.01886590059851,14.467022286592599,18.96918170610894
2026-03-10,1070.0,944.9249483150542,923.0912645376615,965.7628047788468,125.07505168494583,104.23719522115329,146.9087354623385,13.236506445085801,11.031267129418495,15.54713268226215
2026-03-11,1096.0,915.4917507463739,894.8786638138763,934.5203366714833,180.5082492536261,161.4796633285167,201.12133618612367,19.71708091377808,17.638571095465036,21.968667224161802
2026-03-12,1016.0,910.8954051487973,887.356393596226,927.6562176169298,105.1045948512027,88.3437823830702,128.64360640377404,11.538601935755025,9.698564937720706,14.122763785679625
2026-03-13,1013.0,899.6436360079292,873.7340699767412,912.9106717786206,113.35636399207078,100.08932822137945,139.26593002325876,12.60014070627758,11.125441698839216,15.48012173367181
2026-03-14,967.0,863.9133736932315,847.6130832085289,882.2790296491363,103.0866263067685,84.72097035086375,119.38691679147108,11.93251886657026,9.80665109844074,13.819315735452939
2026-03-15,1030.0,879.973697079806,858.7511712043764,899.6167659710774,150.02630292019398,130.3832340289227,171.2488287956236,17.0489531014457,14.816719461229312,19.46067585473442
2026-03-16,1098.0,981.2117450449053,956.6706192045039,1004.9214837878817,116.78825495509466,93.07851621211832,141.3293807954961,11.902451794413633,9.48607848226058,14.403555757379172
2026-03-17,1082.0,932.9170234989751,917.0065925890325,959.4740167417775,149.08297650102486,122.52598325822245,164.9934074109675,15.98030400837558,13.133642132360238,17.68575374390183
2026-03-18,1032.0,900.2546053977778,882.4544303197451,928.9268974645832,131.74539460222218,103.07310253541678,149.54556968025489,14.634237227146471,11.449327992037754,16.611475107553396
2026-03-19,1015.0,892.0817806956236,870.8869075226772,913.3149241543084,122.91821930437641,101.68507584569161,144.1130924773228,13.778806154804302,11.39862712658475,16.15469518556325
2026-03-20,982.0,879.5666712126896,859.3619377190771,901.6075565590613,102.43332878731042,80.39244344093869,122.63806228092292,11.645885654817043,9.140005649611393,13.94300924474975
2026-03-21,1003.0,856.1561816845281,840.1706169707803,876.400749939789,146.84381831547194,126.59925006021105,162.8293830292197,17.151522287271202,14.786934062792259,19.018654132572536
2026-03-22,965.0,872.8926916918865,856.845472978743,895.8682533965688,92.10730830811349,69.13174660343124,108.154527021257,10.551962364306918,7.919844817286356,12.390357721019088
2026-03-23,1086.0,975.1077125106016,946.2124930317217,998.1117978241456,110.89228748939843,87.88820217585439,139.78750696827836,11.372311598673033,9.013178856884373,14.335596485886533
2026-03-24,1036.0,930.8982206479561,912.8737937913963,951.5005559907185,105.10177935204388,84.49944400928149,123.12620620860369,11.290362041823142,9.07719470668504,13.226602380107796
2026-03-25,1032.0,902.7577092382314,883.7054803503959,921.7402078216405,129.24229076176857,110.2597921783595,148.2945196496041,14.316387380488427,12.213663871272765,16.426835033592628
2026-03-26,966.0,882.4650266936878,868.1791743296062,904.166053884978,83.53497330631217,61.83394611502193,97.82082567039379,9.466094494338297,7.006957130833139,11.084952118374243
2026-03-27,981.0,857.0416589649935,846.3797221128164,881.7281246865757,123.95834103500647,99.27187531342432,134.6202778871837,14.463514082233154,11.583086338336226,15.707553591940663
2026-03-28,932.0,843.435367122776,827.6063188949998,863.9336732219905,88.56463287722397,68.06632677800947,104.39368110500014,10.5004646863868,8.070129547709763,12.377199863116946
2026-03-29,986.0,861.8703368995108,843.5785616848779,885.7592473056978,124.12966310048921,100.24075269430216,142.42143831512217,14.402359355704572,11.630607111379176,16.524694286088152
2026-03-30,1084.0,960.5448715400996,938.957134343465,983.6618506101255,123.45512845990038,100.33814938987453,145.04286565653507,12.852614398113158,10.445961699737806,15.100061429090667
2026-03-31,1032.0,920.8803533980995,902.4686692909482,944.5792641075794,111.11964660190051,87.4207358924206,129.53133070905176,12.066675783869519,9.493169831437195,14.066032599248533
2026-04-01,1031.0,893.1323216118736,877.356448902568,919.105480282424,137.86767838812636,111.894519717576,153.64355109743204,15.43642247089555,12.528324976038851,17.202775823871768
2026-04-02,974.0,876.3146307897657,858.0962145911274,901.2619532380904,97.68536921023428,72.73804676190964,115.90378540887264,11.147294108532318,8.300448743661343,13.226275282476573
2026-04-03,950.0,853.9010146649367,839.9948282322005,879.9891466458298,96.09898533506328,70.01085335417017,110.00517176779952,11.254113027699313,8.198942518137398,12.88266085630131
2026-04-04,897.0,850.2425540815467,830.6514066123922,870.3135585176882,46.7574459184533,26.686441482311825,66.34859338760783,5.499306720652422,3.1386857025921486,7.803490082812809
2026-04-05,973.0,871.6038377579093,849.4915765139341,889.8261799532196,101.39616224209067,83.17382004678036,123.50842348606595,11.6332854273473,9.542617464917836,14.170247781810572
2026-04-06,1045.0,959.3814484300264,932.852356811388,975.2408777329975,85.61855156997365,69.7591222670025,112.14764318861207,8.924349299236876,7.271260287673831,11.689578047619678
2026-04-07,1043.0,911.3840005077046,898.5776095724758,941.6209520493112,131.61599949229537,101.37904795068881,144.42239042752422,14.441333117431956,11.123637006378607,15.846491747394168
2026-04-08,940.0,888.9477871733693,875.423934763107,915.7332367746104,51.052212826630694,24.266763225389575,64.57606523689302,5.742993408978935,2.7298299827655557,7.264326000768694
2026-04-09,963.0,869.708560840933,856.71046415426,894.573679634345,93.29143915906695,68.42632036565495,106.28953584573999,10.72674725299498,7.867729886376259,12.221282005430323
2026-04-10,942.0,847.3457298354934,832.2567818618519,872.9354941614604,94.65427016450656,69.06450583853963,109.74321813814814,11.170678842375597,8.150687895948689,12.951409828837408
2026-04-11,905.0,829.0899602996296,815.5904286736335,849.1233384838117,75.91003970037036,55.8766615161883,89.40957132636656,9.155826669633871,6.7395173252362985,10.784061514151531
2026-04-12,987.0,853.0904168047439,829.8713826699377,880.5641861486413,133.90958319525612,106.43581385135869,157.12861733006233,15.69699771060791,12.47649859319892,18.41875306940953
2026-04-13,1064.0,939.0026129036474,915.4797947369146,961.5463195921067,124.99738709635255,102.45368040789337,148.52020526308536,13.31171877252047,10.910904719538443,15.816804258277953
2026-04-14,1051.0,908.026011256995,886.0779992037874,927.8952080068,142.97398874300495,123.10479199320008,164.92200079621264,15.745582942616782,13.557408099222194,18.162695644358077
2026-04-15,923.0,875.3593253171695,856.0417431342313,902.0159835996415,47.640674682830536,20.984016400358556,66.95825686576867,5.442413567202116,2.39718887929313,7.649230999110868
2026-04-16,957.0,855.3472787522269,840.4519918478813,879.0895974457288,101.65272124777312,77.9104025542712,116.5480081521187,11.884380037551907,9.108628096406202,13.625811532613735
2026-04-17,930.0,837.04413573207,820.3709247679169,861.6856438264696,92.95586426793,68.3143561735305,109.62907523208312,11.105252435301011,8.161380416790506,13.097167825708818
2026-04-18,937.0,817.6821073644549,806.1052775488035,841.1326953636933,119.31789263554515,95.86730463630666,130.89472245119643,14.592210293084367,11.72427570236375,16.008020876608764
2026-04-19,927.0,831.7852974820258,817.9522605188113,861.3003754915195,95.21470251797416,65.6996245084805,109.04773948118877,11.447028795316218,7.898627771777873,13.110082591180353
2026-04-20,1039.0,915.7576256288067,895.8843859620408,943.0734474002886,123.24237437119325,95.92655259971134,143.11561403795915,13.457968672285817,10.475102790855079,15.628110542862096
2026-04-21,1018.0,895.6646961698249,874.4929606748283,915.513213253398,122.33530383017512,102.48678674660202,143.50703932517175,13.658605095559043,11.442539511144219,16.022406592428837
2026-04-22,1022.0,866.8380362126429,850.3195808218658,887.9395529452564,155.16196378735708,134.0604470547436,171.6804191781343,17.89976412032922,15.465455073992326,19.805362940490486
2026-04-23,924.0,851.7825511125725,834.902600947549,874.6228168127029,72.21744888742751,49.37718318729707,89.09739905245101,8.478390264404839,5.796923536740931,10.46011085060086
2026-04-24,914.0,833.6361240080521,817.6733964202427,857.8078257114867,80.3638759919479,56.192174288513364,96.3266035797573,9.640162377508927,6.740611721376244,11.554993936278471
2026-04-25,918.0,823.030891675213,800.9527512878507,838.876705846421,94.96910832478704,79.12329415357897,117.04724871214938,11.538948207823049,9.613648157547269,14.221489119795875
2026-04-26,945.0,844.6500448838866,819.5922620861217,861.9589321418048,100.34995511611339,83.04106785819519,125.40773791387832,11.880654683432642,9.831416970990723,14.847301397008511
2026-04-27,1061.0,901.5170290149788,887.8216948579823,926.637732595224,159.4829709850212,134.3622674047761,173.17830514201773,17.690511199691535,14.904018790591659,19.209654345768367
2026-04-28,998.0,874.1484590149903,863.2741382842398,900.8463417533623,123.8515409850097,97.15365824663779,134.72586171576017,14.168250222001003,11.114091347379674,15.41224037248458
2026-04-29,988.0,855.356387095752,837.7227086520635,878.7226265918002,132.64361290424802,109.27737340819975,150.27729134793645,15.507408947353705,12.775654108252635,17.568968165209228
2026-04-30,910.0,840.3990048471771,825.1727110042509,864.9806678568908,69.60099515282286,45.019332143109246,84.82728899574913,8.281898806565042,5.356899744460765,10.093692223157095
2026-05-01,943.0,859.2822887625067,825.1521529465512,865.9289097695599,83.71771123749329,77.07109023044003,117.84784705344879,9.742748376445551,8.969239938767245,13.714683590554053
2026-05-02,856.0,844.0881455862691,799.7669311042358,848.7623219498322,11.911854413730907,7.23767805016781,56.23306889576419,1.411209774241933,0.8574552418504603,6.661990123875865
2026-05-03,990.0,867.0533301200696,824.4600575687979,869.113116561898,122.94666987993037,120.88688343810198,165.5399424312021,14.179827884739765,13.942266206550588,19.092244580650892
2026-05-04,999.0,929.5226156370204,903.5213340730966,948.938056470899,69.47738436297959,50.06194352910103,95.47866592690349,7.474523286920282,5.385769284891747,10.271795900465536
2026-05-05,994.0,888.8669896302248,877.6190975510738,912.031739352668,105.1330103697752,81.96826064733199,116.38090244892628,11.827755063050695,9.221656513696317,13.093174097661294
2026-05-06,1004.0,855.8508458974715,841.6448482037515,882.1959374065374,148.14915410252854,121.80406259346256,162.35515179624855,17.310160387488406,14.23192641303463,18.970028781825643
2026-05-07,996.0,834.5195995702599,823.5820078576323,862.356501730764,161.48040042974014,133.64349826923603,172.41799214236772,19.35010280320502,16.014422949210115,20.66074807963231
2026-05-08,981.0,823.7875795573046,814.0328115422662,849.2880083514498,157.21242044269536,131.71199164855022,166.9671884577337,19.084096961886676,15.988586732435436,20.268233292308224
2026-05-09,901.0,793.689419301341,784.3710131544781,820.4941491321126,107.31058069865901,80.5058508678874,116.62898684552198,13.520475149224117,10.143243554733802,14.694537184102403
2026-05-10,924.0,818.1314082338561,802.533340403112,844.944934485312,105.86859176614394,79.05506551468794,121.46665959688796,12.940291828508101,9.662881136093814,14.846839807691108
2026-05-11,1036.0,910.3756667060073,886.2125358547318,929.7412703072989,125.62433329399266,106.25872969270112,149.7874641452683,13.79917520736648,11.671965055609933,16.453368606307446
2026-05-12,1023.0,879.2560877582744,862.2329781099232,898.8678073765924,143.74391224172564,124.13219262340769,160.76702189007676,16.348355643258714,14.117865585655654,18.28443659684674
2026-05-13,938.0,850.1820528373459,833.1167154237775,866.4582021120024,87.81794716265415,71.5417978879976,104.88328457622256,10.329310865781732,8.414879807123471,12.336567706433167
2026-05-14,973.0,819.8369162316719,812.0287097879547,844.0923048130296,153.16308376832808,128.90769518697041,160.9712902120453,18.68214040328074,15.723577779284009,19.63455011905777
2026-05-15,896.0,810.5534104429922,797.8456179687937,833.9124229182387,85.44658955700777,62.08757708176127,98.15438203120634,10.541759303721712,7.659899555271565,12.109551420869597
2026-05-16,873.0,778.4311230046532,768.8406087695006,806.9924090982316,94.56887699534684,66.00759090176834,104.15939123049944,12.148650561442357,8.479567292606026,13.380681752350336
2026-05-17,888.0,805.8146358383052,790.2104597461605,833.3016728877703,82.18536416169479,54.69832711222968,97.78954025383948,10.199040884408324,6.787954038006012,12.135488225788682
2026-05-18,1034.0,900.947814649103,875.6318383967788,920.9645693374835,133.05218535089705,113.03543066251656,158.36816160322115,14.768023540044615,12.546279465314104,17.577950579179955
2026-05-19,1020.0,877.140553773124,856.1757412447299,894.4264049639426,142.859446226876,125.57359503605743,163.82425875527005,16.286950319689264,14.316245497473322,18.677081802974516
2026-05-20,912.0,849.7849684973058,828.6360714785882,867.2666144233468,62.21503150269416,44.73338557665314,83.36392852141182,7.321267592284013,5.264082942742116,9.8100027197264
2026-05-21,916.0,827.4484880196385,810.9470096628553,848.9350467774833,88.55151198036151,67.0649532225167,105.05299033714476,10.701755246697587,8.105030608373655,12.696015746982845
2026-05-22,905.0,817.3021323105592,799.5816574834589,834.42614467137,87.69786768944084,70.57385532862999,105.41834251654109,10.730165042089642,8.634977511818516,12.898332005878597
2026-05-23,876.0,782.3675892870052,770.6330838425523,808.3064333335265,93.63241071299478,67.69356666647357,105.36691615744769,11.967828421717313,8.652399152700678,13.467699531555454
2026-05-24,904.0,805.3389434757107,789.8855859716226,827.4328925389741,98.66105652428928,76.56710746102591,114.1144140283774,12.250873663017506,9.507438834458302,14.169737469279497
2026-05-25,792.0,804.3880828426625,783.560425417188,850.9118509437826,-12.38808284266247,-58.91185094378256,8.439574582812078,-1.5400629505702867,-7.323809514381589,1.049191896651066
2026-05-26,962.0,826.180433886376,797.4968286828287,845.7972718942955,135.81956611362398,116.20272810570455,164.5031713171713,16.439455661607102,14.065054477153813,19.91128869311801
2026-05-27,945.0,803.4717905338509,780.4152043761003,817.6567443326153,141.52820946614906,127.34325566738478,164.58479562389977,17.614583502939592,15.849125901828375,20.484203373779263
2026-05-28,972.0,788.761605711342,765.0318785614119,805.2698296541253,183.23839428865801,166.73017034587477,206.9681214385881,23.231150319925256,21.138220869093868,26.239629304970364
2026-05-29,936.0,793.3642659672669,756.6896254506757,801.0660877656617,142.63573403273313,134.93391223433835,179.3103745493242,17.978593207602078,17.007813185262055,22.60126681288193
2026-05-30,833.0,760.9033073721221,731.9163733501747,774.9735712083703,72.09669262787793,58.02642879162971,101.08362664982533,9.475145124138464,7.625992452580011,13.284687511601271
2026-05-31,911.0,787.7453835173898,768.251960359608,810.8189561967556,123.25461648261023,100.18104380324439,142.74803964039205,15.646504449478545,12.717439657459176,18.12108869530948
2026-06-01,1016.0,882.7727483865855,841.3646489327672,903.5609096960482,133.22725161341452,112.4390903039519,174.63535106723285,15.091908065457341,12.737036854553237,19.782594261819717
2026-06-02,961.0,851.6505581906124,837.8021105207993,877.3232667191379,109.3494418093876,83.67673328086211,123.19788947920078,12.83970764273409,9.82524258055309,14.465779220639837
2026-06-03,882.0,829.2356612703682,809.9468350225206,845.3009816004468,52.764338729631845,36.69901839955319,72.05316497747933,6.363008876004947,4.425644013347329,8.68910592521982
2026-06-04,923.0,809.4222023956687,790.2869829451424,831.4329201495082,113.5777976043313,91.56707985049188,132.71301705485757,14.03195974463908,11.312647414350424,16.396018871494167
2026-06-05,901.0,805.0964134815498,782.181967392326,821.2293395220813,95.9035865184502,79.77066047791871,118.81803260767403,11.912062321048706,9.908212127409605,14.758236481747407
2026-06-06,814.0,765.3061326657192,751.7119516204788,788.1948067798206,48.69386733428075,25.80519322017943,62.28804837952128,6.362665246738578,3.371878535755961,8.138971546269877
2026-06-07,856.0,789.7807306576341,774.2933247079985,813.5921583747013,66.21926934236592,42.407841625298765,81.70667529200152,8.384513165727213,5.369571575896342,10.345488579338477
2026-06-08,996.0,860.9595945646103,842.9796320506694,888.1087393348182,135.04040543538974,107.89126066518183,153.02036794933065,15.68487142578161,12.531512668691818,17.773234529863565
2026-06-09,939.0,835.7809723806888,825.4548773349749,867.0692088233086,103.21902761931119,71.93079117669143,113.54512266502513,12.350009276389232,8.606416460020553,13.58551180479694
2026-06-10,851.0,806.6596440850919,793.6806286446846,832.0257298596275,44.34035591490806,18.97427014037249,57.319371355315454,5.496786189818458,2.352202726329886,7.105769053356662
2026-06-11,925.0,783.4842388926912,774.9890094497109,817.8670429110033,141.51576110730878,107.13295708899673,150.0109905502891,18.062362212584507,13.673913497023142,19.14665070509927
2026-06-12,884.0,789.9597060115535,769.583864622789,815.8356640817007,94.04029398844648,68.1643359182994,114.41613537721109,11.904441868718694,8.628837065937953,14.483793857649962
2026-06-13,823.0,787.7971389135814,759.292452571847,798.3564607374275,35.20286108641858,24.643539262572514,63.707547428152985,4.468518524320283,3.128158004807863,8.086795988623345
2026-06-14,865.0,790.5374911764841,771.5188181372432,815.7779406982013,74.46250882351592,49.22205930179874,93.48118186275677,9.419225483246876,6.226404168200307,11.82501562622126
2026-06-15,1022.0,813.8306653055389,796.7602969958181,850.9168911630773,208.1693346944611,171.08310883692278,225.23970300418193,25.578949475479334,21.0219540907435,27.67648266480835
2026-06-16,969.0,845.3861266653306,806.7875045502384,851.5691202443031,123.61387333466939,117.4308797556969,162.21249544976158,14.62217907718343,13.890798068677693,19.187976988647446
2026-06-17,905.0,791.7182709762371,769.6907522246327,815.3274266698269,113.28172902376286,89.6725733301731,135.3092477753673,14.308338354258208,11.326323594831445,17.090580416758947
2026-06-18,898.0,787.3674127349307,755.7657636363415,802.7557765163299,110.63258726506933,95.2442234836701,142.2342363636585,14.05094819466628,12.096541200865564,18.06453176282799
2026-06-19,708.0,763.3209793809139,742.0711291366647,787.1722226755028,-55.320979380913855,-79.17222267550278,-34.0711291366647,-7.247407168840237,-10.372074764631108,-4.463538938009781
2026-06-20,839.0,736.6751436416445,719.3881990363094,758.4379838977285,102.32485635835553,80.56201610227149,119.61180096369056,13.890092158197135,10.935894443787678,16.236709219264185
2026-06-21,908.0,761.4326565153066,743.8007975780556,787.4592139529141,146.56734348469342,120.54078604708596,164.1992024219444,19.24889118303098,15.830787531328163,21.564507513166216
2026-06-22,1014.0,849.5850108779348,813.9195103621289,871.0042911340021,164.4149891220652,142.99570886599795,200.08048963787107,19.352388167979075,16.83124196344173,23.550378958677026
2026-06-23,908.0,855.0575479104,821.2456401366371,864.1009445447125,52.94245208960001,43.899055455287424,86.75435986336288,6.1916829129198865,5.1340468910623,10.146025852338738
2026-06-24,879.0,806.739740526197,783.6567672522042,822.5465430659594,72.26025947380299,56.453456934040624,95.34323274779584,8.957072007717278,6.997728523602766,11.818338425426779
2026-06-25,923.0,795.1319184991472,765.4349901215024,805.4115792964566,127.86808150085278,117.58842070354348,157.56500987849753,16.08136694376581,14.788542374892677,19.816209890795186
2026-06-26,861.0,779.8645434459295,761.1559633106084,798.8396606378006,81.13545655407052,62.16033936219944,99.84403668939157,10.403788354778037,7.970658479681122,12.80274087705259
2026-06-27,835.0,762.625112895595,738.0375510312167,777.5337144080354,72.37488710440505,57.46628559196466,96.96244896878325,9.49023129196551,7.535325629885457,12.714300555961055
2026-06-28,876.0,801.2729078682767,774.485474781926,821.6800541005647,74.72709213172334,54.3199458994353,101.51452521807408,9.326047517384417,6.779206605643167,12.669157314721332
2026-06-29,984.0,841.8239274392876,820.8164776046973,863.6897861871869,142.17607256071244,120.31021381281313,163.1835223953027,16.88905101488294,14.291612520302223,19.384519384200033
2026-06-30,916.0,824.7435839485078,805.5882042412893,848.9852119609915,91.25641605149224,67.01478803900856,110.41179575871067,11.064822791903012,8.125530085141298,13.3874088756299
2026-07-01,891.0,775.2074700899617,765.746290136008,811.6532026725371,115.7925299100383,79.34679732746291,125.25370986399201,14.936972923725921,10.235556336712653,16.157443613057094
2026-07-02,912.0,762.7526208350998,756.3016894939524,798.827388733499,149.24737916490017,113.17261126650101,155.6983105060476,19.566944129473676,14.837393956456543,20.412687711984688
2026-07-03,688.0,774.5858712912632,759.394569900758,800.7012787124021,-86.58587129126317,-112.70127871240204,-71.39456990075803,-11.178343744757612,-14.549875344940759,-9.217127828802333
2026-07-04,870.0,702.9244707075364,703.3761831919501,754.9375159835562,167.07552929246356,115.06248401644378,166.62381680804998,23.768631802545134,16.36911059599709,23.70436992189686
2026-07-05,896.0,757.0200132950459,741.2412622811131,792.2153352443543,138.97998670495406,103.78466475564575,154.75873771888692,18.358825957588927,13.709632893839496,20.443150115051218
2026-07-06,954.0,873.6874018115413,834.828086548723,881.6930640957752,80.31259818845865,72.30693590422484,119.17191345127706,9.192372239995109,8.276064843592858,13.640108945622984
2026-07-07,858.0,836.4120655284717,814.3577727145097,857.7826006108934,21.587934471528342,0.2173993891066394,43.64222728549036,2.5810166258049376,0.0259919001729464,5.21779025962709
2026-07-08,827.0,806.7432380813228,787.2843902966524,825.2282010089905,20.25676191867717,1.7717989910095648,39.71560970334756,2.5109304872333134,0.2196236556284542,4.922955387615419
2026-07-09,854.0,780.2729459784675,765.9692160901222,806.2707393375372,73.72705402153247,47.7292606624628,88.03078390987777,9.448879959445248,6.116995457610027,11.2820500010399
2026-07-10,829.0,778.766172353448,760.4167763798333,799.1722038351828,50.23382764655196,29.827796164817205,68.58322362016665,6.450437811743191,3.8301350551317563,8.806651605437185
2026-07-11,803.0,755.3983866682167,737.0323276354576,778.6804879838605,47.601613331783255,24.319512016139537,65.96767236454242,6.3015243574634034,3.219428641276813,8.732832043168832
2026-07-12,889.0,783.9590423998802,763.6703574929408,810.2456742062294,105.04095760011978,78.7543257937706,125.32964250705929,13.398781303493237,10.045719423387906,15.98675896682003
2026-07-13,968.0,852.5429172933781,834.4062906000153,879.5410493437726,115.45708270662192,88.45895065622747,133.59370939998473,13.542671033286021,10.375894147014169,15.670027477808755
2026-07-14,888.0,834.3001597168767,811.7479820032044,851.6291677966757,53.69984028312331,36.370832203324355,76.25201799679566,6.436513244986862,4.359442076058927,9.139638427334367
2026-07-15,913.0,808.1830735734152,788.4387019331335,828.7496004436255,104.81692642658481,84.25039955637453,124.56129806686646,12.969453314968895,10.424667666430809,15.412510127948297
2026-07-16,844.0,789.2480996049289,766.2350233611603,807.904394301331,54.75190039507106,36.09560569866905,77.76497663883968,6.9372229622697885,4.573416865588563,9.853045788487323
2026-07-17,859.0,775.8205664260112,760.0325572086739,800.4178487682987,83.17943357398883,58.58215123170132,98.96744279132614,10.72147828681228,7.550992299878429,12.75648610957061
2026-07-18,793.0,755.7480604913497,738.3393740262602,776.3309271061908,37.25193950865025,16.669072893809307,54.6606259737398,4.92914788089974,2.2056388584010267,7.2326518361426135
2026-07-19,847.0,778.1993934854248,761.8279691272726,813.9088364226143,68.80060651457518,33.09116357738569,85.17203087272745,8.840999760540647,4.252273113343857,10.944756779012147
2026-07-20,940.0,857.6445053996691,841.4962241807577,880.5669966677477,82.35549460033087,59.43300333225232,98.50377581924225,9.602521100738885,6.929794682769648,11.485385284820161
2026-07-21,854.0,836.7339114657332,818.2386552661757,855.5914273961556,17.266088534266828,-1.5914273961556313,35.761344733824366,2.0635100714420997,-0.19019515933899198,4.273920806099527
2026-07-22,897.0,812.3888491568443,792.8530036260829,831.5170071291067,84.61115084315566,65.48299287089336,104.14699637391715,10.415104900931519,8.060547967744304,12.819845629590855
2026-07-23,921.0,791.9239552957388,772.461011927776,811.7591049621491,129.07604470426122,109.24089503785086,148.53898807222404,16.299045361755553,13.794366783241907,18.756723682737082
2026-07-24,809.0,779.6849307444145,764.2680131677846,803.6233156379508,29.315069255585513,5.376684362049262,44.7319868322154,3.7598609514738937,0.6895970603043207,5.737187557223524
2026-07-25,829.0,761.4057611231585,745.3837082058247,780.535860773518,67.59423887684147,48.464139226481976,83.61629179417527,8.877558107405495,6.365087014181763,10.981830722009759
2026-07-26,939.0,788.0238496844588,770.7425320702155,814.865529232472,150.9761503155412,124.13447076752809,168.2574679297845,19.15883007551043,15.752628656763894,21.35182431307863
2026-07-27,1013.0,854.2738136675734,834.3793048113118,880.6083922876135,158.72618633242655,132.3916077123865,178.62069518868822,18.580247198609815,15.497561273007078,20.90906830233187
2026-07-28,962.0,834.3090402549931,814.4175907686514,858.8557760817687,127.69095974500692,103.1442239182313,147.5824092313486,15.304995341531988,12.362831869436167,17.68917776394253
2026-07-29,902.0,811.7028893264534,788.3230992695093,829.3210444729253,90.29711067354663,72.67895552707468,113.67690073049079,11.124404244572133,8.953886512265994,14.004742649717466
2026-07-30,882.0,790.4727840031162,769.6394640866786,809.9061256429655,91.5272159968838,72.09387435703444,112.36053591332147,11.57879408995857,9.120348709785588,14.214345918945456
2026-07-31,860.0,770.6716354953182,754.984679139776,796.7513968350777,89.32836450468176,63.248603164922336,105.01532086022402,11.590976025382009,8.206945766762498,13.626467619082625
2026-08-01,803.0,751.1232034167336,733.2442380795525,775.4654386499984,51.876796583266355,27.53456135000155,69.75576192044758,6.906562911022784,3.665784950425102,9.2868602118987
2026-08-02,878.0,793.8053313420832,773.9288508317936,817.9382171846419,84.19466865791685,60.061782815358086,104.07114916820635,10.606462987036041,7.566311341574375,13.11041196866916
2026-08-03,950.0,870.2400663902926,843.7661637093654,886.1168578501047,79.75993360970745,63.88314214989542,106.23383629063464,9.165279408536914,7.340864276093279,12.207417285587264
2026-08-04,898.0,825.5984028116843,816.1577530884562,858.3504212640968,72.40159718831569,39.64957873590318,81.84224691154385,8.769590268312353,4.802526095117348,9.913082030296966
2026-08-05,940.0,801.7869083825387,789.297279776028,830.7342455982131,138.21309161746126,109.26575440178691,150.70272022397202,17.238132747300824,13.627779807756026,18.795856935103583
2026-08-06,891.0,783.5159718000646,768.7702641915073,810.3706537341366,107.48402819993544,80.62934626586348,122.22973580849266,13.718166836216444,10.290708698716642,15.600158797998684
2026-08-07,899.0,785.9969907581531,762.5546983466097,808.6016338070133,113.00300924184694,90.3983661929867,136.44530165339032,14.377028229185337,11.501108433734675,17.359519598386576
2026-08-08,865.0,760.1000709499973,740.6115524349744,783.5104179348097,104.8999290500027,81.48958206519032,124.38844756502557,13.800805059641084,10.720901783806182,16.3647462115825
2026-08-09,923.0,813.3282924158283,781.3752717418967,827.7756297026093,109.67170758417171,95.22437029739068,141.62472825810335,13.484309916038201,11.707986945166486,17.412984348231085
2026-08-10,989.0,873.8956290592173,847.1434172725554,893.2791170495453,115.1043709407827,95.72088295045468,141.8565827274446,13.171409389551133,10.953354126911234,16.23266875475264
2026-08-11,919.0,835.6790800407676,818.7716886362688,861.7166271867633,83.32091995923236,57.2833728132367,100.22831136373121,9.970444629913153,6.854709443060631,11.993636523585307
2026-08-12,893.0,810.8443226406619,797.1109793586099,834.0380525510844,82.15567735933814,58.96194744891554,95.8890206413901,10.13211476794747,7.271672971316522,11.82582376961216
2026-08-13,851.0,792.3615250772232,774.9297014220276,819.3266663220884,58.63847492277682,31.67333367791164,76.07029857797242,7.400469743538084,3.9973336255599703,9.600453349947633
2026-08-14,880.0,784.7552173536901,764.845581613084,809.1064010714708,95.24478264630989,70.89359892852913,115.15441838691595,12.136877913024815,9.033848690753883,14.673928358862472
2026-08-15,826.0,756.5540683994601,739.7231516802394,783.2508433039214,69.4459316005399,42.7491566960786,86.27684831976053,9.179242370272005,5.650509128384869,11.40392364848224
2026-08-16,920.0,814.1277221587457,784.1893487054816,829.3034835141714,105.87227784125434,90.69651648582858,135.81065129451844,13.004381862900185,11.140330198477603,16.681737717320587
2026-08-17,964.0,893.4906550579394,865.7520622157938,908.1281219543451,70.50934494206058,55.871878045654825,98.24793778420617,7.891447385925746,6.253213475638617,10.995967023050193
2026-08-18,884.0,843.9201679145104,826.7201920554392,873.7170654882406,40.07983208548956,10.282934511759398,57.27980794456086,4.749244491281035,1.218472422239951,6.7873491027131525
2026-08-19,926.0,813.9437294563418,800.0852186016257,839.3872119519377,112.05627054365823,86.61278804806223,125.91478139837436,13.767078298951215,10.641127256538187,15.469715760630868
2026-08-20,845.0,799.1304536034739,779.6668615190855,820.1082668826278,45.86954639652606,24.89173311737215,65.3331384809145,5.739932221289916,3.1148522753862355,8.175528561865145
2026-08-21,857.0,789.0352458768576,772.6715320858868,814.5336248351015,67.96475412314237,42.46637516489859,84.32846791411315,8.613652492495808,5.382063144429695,10.687541317675691
2026-08-22,845.0,758.7269570289004,744.6323965235118,791.6047326604852,86.27304297109958,53.39526733951489,100.36760347648818,11.370762851096826,7.0374812499882,13.228421970074423
2026-08-23,938.0,794.9296531372796,782.1093096911388,826.5241807830746,143.07034686272038,111.47581921692544,155.89069030886114,17.997862615651222,14.023356504185438,19.610627140857172
2026-08-24,1031.0,902.6958493572179,869.8286515967083,924.7642086049241,128.30415064278213,106.23579139507594,161.17134840329177,14.213441962112,11.768724922211971,17.85444660214811
2026-08-25,985.0,868.177877588579,839.5569124421278,889.2088743526396,116.82212241142099,95.79112564736042,145.44308755787227,13.4560123480573,11.033582877442875,16.752682982645215
2026-08-26,947.0,831.3562694583813,807.0505973212653,852.9863350815781,115.64373054161865,94.01366491842185,139.9494026787347,13.910249406906999,11.308468868547854,16.833866276116503
2026-08-27,876.0,811.6399828569376,790.4990217567326,833.5143865194905,64.36001714306235,42.485613480509606,85.50097824326735,7.929626250855444,5.234539251129802,10.534347746436493
2026-08-28,910.0,800.6404969023438,777.6616859068961,825.2132291965721,109.35950309765622,84.78677080342788,132.3383140931039,13.659002201458101,10.589867878463004,16.529055750379502
2026-08-29,865.0,772.3546922140547,750.4238165923875,798.8065173612645,92.6453077859453,66.19348263873555,114.57618340761249,11.995176402743866,8.570347705014047,14.834658811894446
2026-08-30,860.0,799.7521192855027,786.967903772131,830.8418005833684,60.24788071449734,29.158199416631607,73.03209622786902,7.533319295023902,3.645904613879798,9.131841537739943
2026-08-31,1018.0,829.8277738966134,828.3705264510561,889.7639262421072,188.1722261033866,128.23607375789274,189.62947354894388,22.676057854726686,15.453335956175097,22.851666275099806
2026-09-01,1011.0,809.4539944097653,788.5481331232427,852.6957165270201,201.5460055902347,158.30428347298,222.45186687675732,24.89900685920974,19.556921649192887,27.481718345088154
2026-09-02,959.0,806.8418921266968,784.6944707102741,836.1731488522505,152.15810787330315,122.82685114774948,174.3055292897259,18.858478886395012,15.223162350184738,21.603430732914283
2026-09-03,921.0,778.0617648036797,762.5476582520251,805.6516488660201,142.9382351963203,115.34835113397993,158.45234174797488,18.371065339830242,14.82508926050165,20.365008141475183
2026-09-04,885.0,775.7503356801411,757.7341225686184,801.9062353865515,109.24966431985888,83.09376461344843,127.26587743138155,14.083095977531734,10.711405563311262,16.405520123919878
2026-09-05,850.0,754.0088584569494,736.0038976728346,779.8126686491862,95.99114154305062,70.18733135081379,113.99610232716543,12.730771060103041,9.308555272739037,15.11866883904443
2026-09-06,912.0,787.8224560165287,768.5779008838803,812.7939414900119,124.17754398347131,99.20605850998811,143.4220991161198,15.762122929492383,12.592438531341731,18.204875733208443
2026-09-07,834.0,870.5384226767786,838.3220799857016,896.0366685754053,-36.53842267677862,-62.036668575405265,-4.322079985701658,-4.197221136366194,-7.126241296122411,-0.49648354088862523
2026-09-08,1030.0,869.704490493744,837.2491503211644,884.736615398604,160.29550950625605,145.263384601396,192.75084967883566,18.43103160422386,16.702614070548016,22.162798029179797
2026-09-09,978.0,846.8683968160133,819.6994879804545,865.9660475191129,131.13160318398673,112.0339524808871,158.30051201954552,15.484295278582202,13.229204549621077,18.692457129668657
2026-09-10,929.0,817.2577868581428,796.5993681801567,841.0641421928485,111.74221314185718,87.93585780715145,132.40063181984326,13.672823304802975,10.759867843561471,16.20059593789162
2026-09-11,903.0,814.7848034714253,783.9326548848965,833.4379055151892,88.21519652857467,69.5620944848108,119.0673451151035,10.826809257208783,8.537480594684451,14.613348777224616
2026-09-12,869.0,777.0634401743075,763.6662573732301,802.7457697949733,91.93655982569248,66.25423020502676,105.33374262676995,11.831281086273943,8.526231808070253,13.555359470153677
2026-09-13,906.0,814.7321999320068,800.6744996322567,841.6050006952706,91.26780006799322,64.39499930472941,105.32550036774335,11.202183990716206,7.903824018506139,12.927622153209763
2026-09-14,980.0,910.6764418657252,877.5371365096166,929.2442497801325,69.32355813427478,50.75575021986751,102.46286349038333,7.612314862592679,5.573412014028051,11.251291762908144
2026-09-15,981.0,882.5948401333044,858.7192310791224,903.4880580963438,98.40515986669561,77.51194190365618,122.28076892087756,11.149528117775173,8.782279068383067,13.854688851614933
2026-09-16,974.0,856.4974454863991,833.6688803801695,878.5646881467353,117.5025545136009,95.43531185326464,140.33111961983045,13.718961467173084,11.142509806210523,16.384301010978188
2026-09-17,873.0,827.4240278271607,813.3074668891275,855.4333079731117,45.57597217283933,17.566692026888347,59.692533110872546,5.508176054848581,2.123058001230516,7.214261503575966
2026-09-18,935.0,823.8573564285579,802.8208206028439,846.1403181242068,111.14264357144214,88.85968187579314,132.17917939715602,13.4905202586584,10.785809118826357,16.043939932776237
2026-09-19,911.0,801.8982373168087,785.4240186926548,826.7259583808969,109.10176268319128,84.27404161910313,125.57598130734512,13.605437399170647,10.509318726162592,15.659840047476422
2026-09-20,1001.0,841.9589608088477,822.8201090814683,868.239103045725,159.04103919115232,132.76089695427507,178.1798909185317,18.889405136607348,15.768095968327863,21.162538699909906
2026-09-21,943.0,918.7251437290356,892.879200105345,942.0995464969535,24.274856270964392,0.9004535030464594,50.12079989465497,2.6422327109100983,0.09801119618775066,5.455472753387205
2026-09-22,993.0,897.7417719772188,876.9347977071658,920.8789510633749,95.25822802278117,72.12104893662519,116.06520229283424,10.610871744664506,8.033607345437785,12.928573217352698
2026-09-23,938.0,863.3631357936895,847.5999732097298,892.8216499904609,74.63686420631052,45.178350009539116,90.40002679027018,8.644898202388138,5.23283287605356,10.47068412379751
2026-09-24,972.0,835.1183007021598,825.5104005219264,867.3840472382017,136.8816992978402,104.61595276179833,146.48959947807361,16.39069568739559,12.527081812701052,17.541179417922766
2026-09-25,924.0,838.1667955468265,818.6020871557586,861.8989821843057,85.8332044531735,62.10101781569431,105.39791284424147,10.240587542861949,7.4091479339955395,12.574813677208374
2026-09-26,884.0,819.0193197949073,799.6739257639335,840.3060955546363,64.98068020509265,43.693904445363685,84.32607423606653,7.933961829052412,5.334905220099714,10.295981083472224
2026-09-27,971.0,858.2248660063356,836.4579983936131,881.7527982924956,112.77513399366444,89.2472017075044,134.54200160638683,13.140511124835191,10.399046362150683,15.67677737333162
2026-09-28,1053.0,912.5044346042274,879.6506776788415,932.0663603187377,140.4955653957726,120.93363968126233,173.34932232115852,15.396699464447918,13.252937201747828,18.997093684957687
2026-09-29,1021.0,894.6462948125328,871.8992994024392,918.3676792375124,126.3537051874672,102.63232076248758,149.10070059756083,14.123313975602366,11.471832092480023,16.665882535041842
2026-09-30,1008.0,868.247244728561,853.7872874235411,897.2735181878404,139.752755271439,110.72648181215962,154.21271257645893,16.095963001314185,12.752874539414853,17.761382315088166
2026-10-01,957.0,857.411383998655,835.7844954693886,874.4245200956709,99.58861600134503,82.57547990432909,121.21550453061137,11.61503309378748,9.630788842483883,14.137379884706723
2026-10-02,921.0,845.6541719100943,820.5304159468756,861.2206123314168,75.3458280899057,59.779387668583304,100.46958405312448,8.909768389094648,7.06901114595799,11.88069395154665
2026-10-03,879.0,820.4046422866122,800.5431707668691,841.8227393524694,58.595357713387784,37.17726064753066,78.45682923313089,7.1422508714812,4.531576094439335,9.563186894513162
2026-10-04,1012.0,851.419306359387,831.6442495656146,874.816661873837,160.58069364061305,137.18333812616297,180.35575043438547,18.860353816411042,16.112312359083084,21.182952874955916
2026-10-05,986.0,868.0106184688018,851.8337003221754,920.5200613906427,117.9893815311982,65.47993860935726,134.16629967782453,13.593080432510746,7.543679445404245,15.456757880969029
2026-10-06,1017.0,891.233217641714,862.5201791711323,918.1544395985262,125.76678235828604,98.84556040147376,154.47982082886767,14.111545650315485,11.090874806375409,17.333265611175904
2026-10-07,953.0,845.6394939242217,829.0853683199788,879.188835623898,107.36050607577829,73.81116437610211,123.91463168002126,12.695777201413316,8.728443374088247,14.653363823511928
2026-10-08,939.0,824.4697882723785,810.6884051827573,862.6318775023823,114.53021172762146,76.36812249761778,128.31159481724268,13.891377629204813,9.262695077965452,15.562922576715767
2026-10-09,883.0,813.3092617055615,788.9195371612384,840.14385710011,69.69073829443846,42.85614289988995,94.08046283876163,8.56878700093646,5.269353850713304,11.56761237926504
2026-10-10,917.0,804.8848535770727,778.7953361015893,823.3107547357545,112.1151464229273,93.68924526424561,138.2046638984107,13.929339821052004,11.640080546660988,17.17073731530677
2026-10-11,965.0,857.8896394260946,829.7470243915765,884.8197330145772,107.11036057390538,80.18026698542286,135.25297560842353,12.485330939019075,9.346221623455124,15.76577795005243
2026-10-12,844.0,941.8878007184117,905.4708633629378,963.8196146145202,-97.88780071841165,-119.81961461452016,-61.47086336293782,-10.392724127411897,-12.721219504396323,-6.52634669607694
2026-10-13,1043.0,924.0207145836694,896.9181304418283,944.6368587575333,118.97928541633064,98.36314124246671,146.0818695581716,12.876257375889939,10.645122959909575,15.809371722147036
2026-10-14,1009.0,908.5676618686941,880.3677536053353,924.7391181142472,100.43233813130587,84.26088188575285,128.63224639466466,11.053919520395644,9.274034881722459,14.157695875957176
2026-10-15,1011.0,878.809216413075,852.9013467000981,901.0869722678624,132.19078358692502,109.91302773213766,158.09865329990188,15.042034279803246,12.507040854755239,17.990099596951573
2026-10-16,1020.0,861.476615196575,838.0323074706472,884.2905419700331,158.52338480342496,135.70945802996687,181.96769252935283,18.40135669466228,15.753121516711182,21.12276634320837
2026-10-17,932.0,850.9084912858766,825.5781229854875,867.876307586933,81.09150871412339,64.12369241306698,106.42187701451243,9.52999171410071,7.535909333348464,12.506853334333254
2026-10-18,973.0,883.9525941952921,851.1616069794959,905.2110088734181,89.04740580470786,67.78899112658195,121.83839302050411,10.073776171874051,7.668849163601784,13.783362798026506
2026-10-19,1012.0,960.9092125880751,932.8006328727433,982.0649805762116,51.09078741192491,29.935019423788386,79.19936712725665,5.316921384728843,3.115280718681277,8.242127985633958
2026-10-20,1036.0,920.2659991364055,894.7131644428054,947.0970581498708,115.73400086359447,88.90294185012915,141.28683555719465,12.576146567644722,9.660570088817506,15.352825779696392
2026-10-21,1047.0,875.2396555467234,864.9596693155363,911.171096858788,171.76034445327662,135.82890314121198,182.04033068446367,19.62437869042686,15.519052670935677,20.7989125642109
2026-10-22,1022.0,866.3522393511524,842.8721989565942,895.6145806476886,155.64776064884757,126.3854193523114,179.12780104340587,17.96587503085566,14.588225621366979,20.67609373037025
2026-10-23,912.0,847.8065586102772,828.4923167607259,878.818603718181,64.1934413897228,33.181396281819055,83.5076832392741,7.571708515082563,3.9137932992886877,9.849851052834472
2026-10-24,935.0,846.4422144440115,820.1700782186751,867.4131735688588,88.55778555598852,67.58682643114119,114.82992178132481,10.462354552361026,7.984812817439147,13.566185596822015
2026-10-25,953.0,878.5497057025401,855.6992731160353,910.1614438204722,74.45029429745989,42.83855617952781,97.30072688396473,8.474226764201696,4.876053785172186,11.075153318292598
2026-10-26,1143.0,980.0788669583081,947.2623528773398,1008.5760931798567,162.92113304169186,134.4239068201433,195.73764712266012,16.623267630218415,13.715621400686889,19.97162205222681
2026-10-27,1015.0,938.9242575200288,917.4997116057248,965.3544033741293,76.07574247997115,49.64559662587073,97.50028839427527,8.102436577888534,5.287497498147417,10.384254918687668
2026-10-28,998.0,908.6027452522073,892.6119625728587,938.8866609140622,89.39725474779266,59.11333908593788,105.38803742714124,9.838981360658119,6.505960871770135,11.598912503603312
2026-10-29,1017.0,900.9955578095964,874.186879440123,927.8963752750911,116.00444219040355,89.10362472490883,142.81312055987704,12.875140302846896,9.889463266781023,15.850590973730098
2026-10-30,945.0,880.3236196304985,859.4472735533301,907.4669193569661,64.67638036950154,37.533080643033934,85.55272644666988,7.346886863793159,4.263554879827924,9.718326821967954
2026-10-31,968.0,874.6003932067451,848.9318888328354,891.1516561867511,93.39960679325486,76.8483438132489,119.06811116716456,10.67911785984943,8.786680684133064,13.61400155911184
2026-11-01,983.0,885.9229721768733,862.9370465837874,915.5495744314001,97.07702782312674,67.45042556859993,120.06295341621265,10.957727801615857,7.613576765354895,13.552301631957484
2026-11-02,1101.0,993.7433174275683,966.8202125051934,1023.8114204858041,107.25668257243171,77.18857951419591,134.17978749480667,10.793197870258826,7.767456460890568,13.502459351590733
2026-11-03,1067.0,970.3459828994454,943.3079642752009,995.0552171688428,96.6540171005546,71.94478283115726,123.6920357247991,9.960778815381628,7.414343347532848,12.747209542229536
2026-11-04,1074.0,926.4129239215418,909.3706332364196,959.6940568095291,147.58707607845815,114.30594319047094,164.62936676358038,15.931025168962057,12.338552306309529,17.770625011004583
2026-11-05,1016.0,898.2187400189619,882.6894541262938,931.8510089769981,117.78125998103815,84.14899102300194,133.31054587370625,13.112759145790227,9.368429679080789,14.841657152565308
2026-11-06,979.0,870.8964725912011,861.4812705400501,909.1306978028306,108.10352740879887,69.86930219716945,117.5187294599499,12.412902200321883,8.022687471598717,13.493995343705244
2026-11-07,973.0,856.2155151197662,848.822649181441,898.8984865302922,116.78448488023378,74.10151346970777,124.17735081855906,13.639613253667578,8.6545399097729,14.503048429482071
2026-11-08,992.0,897.5493354113044,874.315401898498,928.1798681341713,94.45066458869564,63.820131865828685,117.68459810150208,10.523172472231108,7.110487340128546,13.111769287598303
2026-11-09,1088.0,1011.7612798333283,980.7119988818447,1027.760935636952,76.23872016667167,60.23906436304804,107.28800111815535,7.53524785799579,5.9538811737262245,10.604082529806771
2026-11-10,1011.0,911.3651534911342,887.6048012354044,944.7866471953736,99.63484650886585,66.21335280462647,123.39519876459566,10.932483662250874,7.265293450269119,13.539600268005648
2026-11-11,843.0,880.5836277656144,860.0035915274364,913.6338637578099,-37.58362776561444,-70.63386375780979,-17.003591527436395,-4.2680361728935186,-8.021255623050312,-1.9309456809435768
2026-11-12,1002.0,901.4716322406199,877.9001042498863,928.3687251895826,100.5283677593801,73.63127481041734,124.09989575011363,11.151584161280317,8.167897044902658,13.76636727233021
2026-11-13,991.0,891.62607468242,872.216850501186,919.9720165101082,99.37392531757996,71.02798348989182,118.78314949881411,11.145246661048471,7.966117805066505,13.322081180849535
2026-11-14,989.0,879.5045714323829,851.3372763714065,901.5393747257195,109.49542856761707,87.46062527428053,137.66272362859354,12.449671340455923,9.94430593258202,15.652303364881051
2026-11-15,1034.0,906.3046691351035,877.2154606461338,926.398951849555,127.6953308648965,107.60104815044492,156.7845393538662,14.089669314708217,11.87250290270818,17.29931938930508
2026-11-16,1130.0,991.1353212521617,966.3451760771643,1020.6496401757153,138.8646787478383,109.35035982428481,163.65482392283576,14.010667945160312,11.032838551867552,16.511854679548765
2026-11-17,1103.0,962.579671207086,937.750184133426,983.8887208524259,140.420328792914,119.11127914757411,165.24981586657393,14.587917550432506,12.374173557832071,17.167391002486966
2026-11-18,1096.0,946.079256067574,916.011213209125,967.9635783730274,149.92074393242603,128.03642162697264,179.98878679087497,15.84653114112016,13.533371628838205,19.024704921552495
2026-11-19,985.0,871.446918913354,854.466320304864,905.4146693563965,113.55308108664599,79.5853306436035,130.53367969513604,13.030407087587204,9.132550579539828,14.978959344753243
2026-11-20,1005.0,875.8061671517621,851.6979536354631,903.6968058482696,129.1938328482379,101.30319415173035,153.3020463645369,14.751418486626255,11.566850971280756,17.504106743515575
2026-11-21,974.0,860.7672980040571,841.1069397327998,893.0277405933501,113.23270199594288,80.9722594066499,132.89306026720024,13.154856400621433,9.406986022169752,15.438906726051512
2026-11-22,1024.0,886.9357686547291,867.8232049858645,918.5454551449402,137.06423134527085,105.45454485505977,156.17679501413548,15.4536817872578,11.88976119601189,17.6085800723787
2026-11-23,1162.0,980.6970639334876,952.621871289481,1008.5525978346192,181.30293606651242,153.44740216538085,209.3781287105191,18.487149878814023,15.646768794220423,21.34992918921591
2026-11-24,1076.0,958.2223458629699,925.5475573551382,978.0425677781029,117.77765413703014,97.95743222189708,150.45244264486175,12.291265659324635,10.22282903804306,15.701203723167728
2026-11-25,1057.0,957.6252977889045,918.4282837272948,975.7608305082651,99.3747022110955,81.23916949173483,138.57171627270526,10.377201024298891,8.483398431443996,14.470348328585144
2026-11-26,878.0,915.7370491798705,886.5092354192653,939.9296863417873,-37.737049179870496,-61.929686341787296,-8.509235419265295,-4.12094817105714,-6.762824153205465,-0.9292225783467124
2026-11-27,977.0,920.5736020470396,890.9637024135471,941.6115316397979,56.42639795296043,35.388468360202054,86.03629758645283,6.129482512586446,3.8441758792029503,9.345944462793376
2026-11-28,943.0,895.741020789441,878.8001806543137,928.0235133357908,47.258979210559005,14.976486664209222,64.19981934568625,5.275964605138701,1.6719661505520909,7.1672300202468335
2026-11-29,1064.0,925.854090258131,895.3721796919925,952.0833100262041,138.145909741869,111.91668997379585,168.62782030800753,14.920915854392724,12.087940330057096,18.21321762060732
2026-11-30,1121.0,1000.683909914756,986.3031189966151,1035.6208932325794,120.31609008524401,85.37910676742061,134.6968810033849,12.023386095564707,8.53207550571026,13.46048234300671
2026-12-01,1042.0,978.3087994137236,958.8718730182231,1008.1307780768432,63.69120058627641,33.86922192315679,83.12812698177682,6.510337086249758,3.4620175085263245,8.497125552953573
2026-12-02,1095.0,954.0152042700729,932.6326836151096,983.5789086247229,140.9847957299271,111.42109137527707,162.36731638489044,14.778044951369099,11.679173547399227,17.019363596948057
2026-12-03,994.0,921.3920196294274,903.3443875449924,949.7482452917218,72.60798037057259,44.25175470827826,90.65561245500763,7.880248452745947,4.80270653158856,9.838983898674117
2026-12-04,1059.0,916.6952020304794,898.3448418430638,945.5410004298247,142.30479796952056,113.45899957017531,160.65515815693624,15.52367653439393,12.376960119226508,17.525471694526725
2026-12-05,945.0,920.9267354515099,897.2528799866275,944.2693500934535,24.0732645484901,0.7306499065466068,47.74712001337253,2.614026026368701,0.07933854870533054,5.184681709773925
2026-12-06,1045.0,924.494890692728,903.6514715406975,962.0472237924653,120.50510930727205,82.95277620753471,141.3485284593026,13.034697164954265,8.972767404412352,15.289270917807837
2026-12-07,1165.0,1040.5368112039482,1008.1306899616874,1065.7928533700172,124.46318879605178,99.2071466299828,156.86931003831262,11.961440235068881,9.534227483523205,15.07580590606955
2026-12-08,1092.0,1006.39286467292,975.1887062000071,1031.1950337812432,85.60713532707996,60.804966218756896,116.81129379999294,8.506333692548832,6.04187175338516,11.60692786091611
2026-12-09,1097.0,978.4144976196778,953.5988737178853,1005.6903199176229,118.58550238032217,91.30968008237718,143.4011262821147,12.120170200750426,9.332412827540749,14.656480114612583
2026-12-10,1026.0,939.787249530033,919.4932901646255,969.7916890151521,86.21275046996698,56.20831098484792,106.50670983537456,9.173645472747165,5.9809612242511765,11.333066062413193
2026-12-11,1065.0,931.6113883009883,914.2959780433524,962.2687871075841,133.38861169901168,102.73121289241588,150.70402195664755,14.318052932164887,11.027260312883287,16.176704562563543
2026-12-12,1012.0,936.4148482176663,907.3733879656942,961.1310641208008,75.5851517823337,50.86893587919918,104.62661203430585,8.071759212938517,5.432307697386584,11.173104765846874
2026-12-13,1067.0,936.4200225758239,916.6779466649367,968.8347265451774,130.57997742417615,98.16527345482254,150.32205333506334,13.94459476261389,10.483038710000873,16.052844846436574
2026-12-14,1182.0,1017.958244547191,985.9462952523335,1042.2837340714057,164.04175545280896,139.71626592859434,196.0537047476665,16.114782343138064,13.725147045765423,19.259503599273394
2026-12-15,1084.0,1004.7043635556479,978.538857695838,1034.057017832026,79.29563644435211,49.94298216797382,105.461142304162,7.892434761975645,4.970913233742277,10.496733778574933
2026-12-16,1061.0,968.1589900983844,943.6735199181217,1002.0466657504172,92.84100990161562,58.95333424958283,117.32648008187842,9.589438392983482,6.089220350429426,12.118513723655624
2026-12-17,1075.0,922.8871690907422,914.4197289793107,960.765156976249,152.1128309092578,114.23484302375091,160.58027102068937,16.482278224663606,12.377985830737979,17.399772843184955
2026-12-18,1000.0,908.2341760447233,891.5972622701877,947.6895530909211,91.76582395527669,52.310446909078934,108.40273772981232,10.10376248501333,5.7595770219621265,11.935549287728449
2026-12-19,1071.0,903.4924223792491,876.7156608069117,935.0076790241492,167.5075776207509,135.9923209758508,194.28433919308827,18.540009132521323,15.05184964559302,21.503704334504718
2026-12-20,1030.0,916.0322545109843,899.6059844159936,955.5258675831889,113.96774548901567,74.47413241681119,130.39401558400635,12.441455519473639,8.130077521841033,14.234653304169518
2026-12-21,1144.0,951.1089939946058,926.8262629309113,992.4408585768743,192.89100600539416,151.55914142312577,217.17373706908867,20.28064156929717,15.934991928378853,22.833738135202655
2026-12-22,1178.0,955.2913488918834,916.9028848028776,984.1045546680132,222.70865110811656,193.89544533198682,261.0971151971225,23.313165283706756,20.296995838693736,27.33167378726807
2026-12-23,1051.0,932.2927337355231,900.4580130244179,960.5338568626695,118.70726626447686,90.46614313733053,150.5419869755821,12.732831863747235,9.703619889307683,16.147501908803733
2026-12-24,1083.0,908.6475973124008,872.1545816845392,940.2559723564266,174.35240268759924,142.74402764357347,210.8454183154608,19.188121247808176,15.709503669605464,23.20431143372851
2026-12-25,837.0,899.6000635796056,861.5845396724048,931.7073236879489,-62.6000635796056,-94.7073236879489,-24.584539672404787,-6.958654863863971,-10.52771420569917,-2.7328299171723325
2026-12-26,1044.0,892.0984005398149,861.5514506641758,925.7021137569931,151.90159946018514,118.29788624300693,182.4485493358242,17.02744891911794,13.260632030213714,20.451617133874844
2026-12-27,1011.0,966.0551848072289,933.7487677074378,1009.7423806591165,44.9448151927711,1.2576193408834975,77.25123229256228,4.652406601568998,0.1301809007043887,7.996565155641429
2026-12-28,1137.0,944.5851121115171,934.3719960282716,1012.663318779889,192.4148878884829,124.33668122011102,202.62800397172842,20.37030707146764,13.163099822965652,21.451534792748912
2026-12-29,1104.0,1003.7426311059826,966.2244832612362,1031.0143647192597,100.25736889401742,72.98563528074031,137.77551673876383,9.988354164408456,7.271349549069213,13.726179646963352
2026-12-30,1033.0,990.2352573807796,959.3189351818079,1015.4165009633529,42.76474261922044,17.583499036647176,73.68106481819207,4.318644716038012,1.7756890502118037,7.4407636234930745
2026-12-31,1091.0,974.8512977028862,934.4589050053755,1000.6203259058201,116.1487022971138,90.37967409418,156.54109499462444,11.914504557854467,9.27112415064208,16.057946002994893
